timestamp,price_eur_per_mwh,production_mw,epoch_seconds
2024-11-04 00:00:00+00:00,42.44,298.6666666666667,1730678400
2024-11-04 06:00:00+00:00,91.855,725.5,1730700000
2024-11-04 12:00:00+00:00,65.235,901.0,1730721600
2024-11-04 18:00:00+00:00,69.28,657.5,1730743200
2024-11-05 00:00:00+00:00,40.964999999999996,323.8333333333333,1730764800
2024-11-05 06:00:00+00:00,46.47833333333333,757.3333333333334,1730786400
2024-11-05 12:00:00+00:00,44.330000000000005,904.6666666666666,1730808000
2024-11-05 18:00:00+00:00,43.778333333333336,423.0,1730829600
2024-11-06 00:00:00+00:00,41.05166666666667,291.5,1730851200
2024-11-06 06:00:00+00:00,42.723333333333336,691.5,1730872800
2024-11-06 12:00:00+00:00,41.87833333333334,827.1666666666666,1730894400
2024-11-06 18:00:00+00:00,41.928333333333335,582.8333333333334,1730916000
2024-11-07 00:00:00+00:00,39.57666666666667,778.0,1730937600
2024-11-07 06:00:00+00:00,45.73166666666666,769.5,1730959200
2024-11-07 12:00:00+00:00,42.18833333333333,858.6666666666666,1730980800
2024-11-07 18:00:00+00:00,41.995,681.3333333333334,1731002400
2024-11-08 00:00:00+00:00,38.815,797.5,1731024000
2024-11-08 06:00:00+00:00,44.9,762.1666666666666,1731045600
2024-11-08 12:00:00+00:00,40.335,882.6666666666666,1731067200
2024-11-08 18:00:00+00:00,40.123333333333335,833.8333333333334,1731088800
2024-11-09 00:00:00+00:00,42.585,890.3333333333334,1731110400
2024-11-09 06:00:00+00:00,44.49333333333333,910.6666666666666,1731132000
2024-11-09 12:00:00+00:00,46.574999999999996,904.6666666666666,1731153600
2024-11-09 18:00:00+00:00,73.27166666666666,712.5,1731175200
2024-11-10 00:00:00+00:00,43.16,894.5,1731196800
2024-11-10 06:00:00+00:00,45.11166666666667,842.6666666666666,1731218400
2024-11-10 12:00:00+00:00,45.836666666666666,898.5,1731240000
2024-11-10 18:00:00+00:00,47.245000000000005,827.8333333333334,1731261600
2024-11-11 00:00:00+00:00,44.22,851.5,1731283200
2024-11-11 06:00:00+00:00,71.545,745.3333333333334,1731304800
2024-11-11 12:00:00+00:00,44.97666666666667,858.6666666666666,1731326400
2024-11-11 18:00:00+00:00,44.19166666666666,733.8333333333334,1731348000
2024-11-12 00:00:00+00:00,43.14166666666667,817.3333333333334,1731369600
2024-11-12 06:00:00+00:00,132.16,512.5,1731391200
2024-11-12 12:00:00+00:00,65.12666666666667,713.0,1731412800
2024-11-12 18:00:00+00:00,46.775,658.5,1731434400
2024-11-13 00:00:00+00:00,41.17333333333334,722.1666666666666,1731456000
2024-11-13 06:00:00+00:00,48.13666666666666,450.6666666666667,1731477600
2024-11-13 12:00:00+00:00,46.82,736.5,1731499200
2024-11-13 18:00:00+00:00,43.21666666666667,382.1666666666667,1731520800
2024-11-14 00:00:00+00:00,41.196666666666665,241.66666666666666,1731542400
2024-11-14 06:00:00+00:00,47.01833333333334,407.1666666666667,1731564000
2024-11-14 12:00:00+00:00,45.07666666666666,886.5,1731585600
2024-11-14 18:00:00+00:00,46.85,419.6666666666667,1731607200
2024-11-15 00:00:00+00:00,42.30166666666667,821.6666666666666,1731628800
2024-11-15 06:00:00+00:00,47.01833333333334,867.6666666666666,1731650400
2024-11-15 12:00:00+00:00,42.165,819.3333333333334,1731672000
2024-11-15 18:00:00+00:00,36.86833333333333,132.5,1731693600
2024-11-16 00:00:00+00:00,33.068333333333335,0.0,1731715200
2024-11-16 06:00:00+00:00,38.51166666666666,0.0,1731736800
2024-11-16 12:00:00+00:00,40.81,170.16666666666666,1731758400
2024-11-16 18:00:00+00:00,38.74,33.666666666666664,1731780000
2024-11-17 00:00:00+00:00,32.093333333333334,0.0,1731801600
2024-11-17 06:00:00+00:00,33.79666666666667,0.0,1731823200
2024-11-17 12:00:00+00:00,37.71,189.16666666666666,1731844800
2024-11-17 18:00:00+00:00,38.233333333333334,140.83333333333334,1731866400
2024-11-18 00:00:00+00:00,42.468333333333334,267.1666666666667,1731888000
2024-11-18 06:00:00+00:00,85.64833333333333,713.3333333333334,1731909600
2024-11-18 12:00:00+00:00,82.83833333333334,828.8333333333334,1731931200
2024-11-18 18:00:00+00:00,119.70666666666666,681.8333333333334,1731952800
2024-11-19 00:00:00+00:00,91.355,864.6666666666666,1731974400
2024-11-19 06:00:00+00:00,148.90833333333333,769.3333333333334,1731996000
2024-11-19 12:00:00+00:00,133.47166666666666,876.1666666666666,1732017600
2024-11-19 18:00:00+00:00,101.33999999999999,719.5,1732039200
2024-11-20 00:00:00+00:00,68.43833333333333,883.3333333333334,1732060800
2024-11-20 06:00:00+00:00,121.04333333333334,749.6666666666666,1732082400
2024-11-20 12:00:00+00:00,112.05833333333334,889.5,1732104000
2024-11-20 18:00:00+00:00,107.31333333333333,733.5,1732125600
2024-11-21 00:00:00+00:00,70.09166666666665,847.5,1732147200
2024-11-21 06:00:00+00:00,120.87833333333333,639.8333333333334,1732168800
2024-11-21 12:00:00+00:00,140.52,901.5,1732190400
2024-11-21 18:00:00+00:00,114.19833333333334,740.0,1732212000
2024-11-22 00:00:00+00:00,76.215,885.3333333333334,1732233600
2024-11-22 06:00:00+00:00,126.34333333333332,787.5,1732255200
2024-11-22 12:00:00+00:00,87.675,882.1666666666666,1732276800
2024-11-22 18:00:00+00:00,74.46333333333332,846.3333333333334,1732298400
2024-11-23 00:00:00+00:00,48.305,883.6666666666666,1732320000
2024-11-23 06:00:00+00:00,61.348333333333336,882.8333333333334,1732341600
2024-11-23 12:00:00+00:00,67.12333333333333,812.1666666666666,1732363200
2024-11-23 18:00:00+00:00,44.54333333333333,106.83333333333333,1732384800
2024-11-24 00:00:00+00:00,16.576666666666668,0.0,1732406400
2024-11-24 06:00:00+00:00,21.49,0.0,1732428000
2024-11-24 12:00:00+00:00,32.836666666666666,144.66666666666666,1732449600
2024-11-24 18:00:00+00:00,25.621666666666666,50.166666666666664,1732471200
2024-11-25 00:00:00+00:00,15.799999999999999,0.0,1732492800
2024-11-25 06:00:00+00:00,43.97833333333333,307.1666666666667,1732514400
2024-11-25 12:00:00+00:00,45.06333333333333,485.8333333333333,1732536000
2024-11-25 18:00:00+00:00,42.62833333333334,0.3333333333333333,1732557600
2024-11-26 00:00:00+00:00,37.376666666666665,21.833333333333332,1732579200
2024-11-26 06:00:00+00:00,44.24333333333334,404.6666666666667,1732600800
2024-11-26 12:00:00+00:00,45.35333333333333,687.5,1732622400
2024-11-26 18:00:00+00:00,45.58833333333333,625.1666666666666,1732644000
2024-11-27 00:00:00+00:00,46.175000000000004,208.0,1732665600
2024-11-27 06:00:00+00:00,73.66666666666667,702.1666666666666,1732687200
2024-11-27 12:00:00+00:00,82.15166666666666,881.8333333333334,1732708800
2024-11-27 18:00:00+00:00,65.705,810.3333333333334,1732730400
2024-11-28 00:00:00+00:00,41.665,276.8333333333333,1732752000
2024-11-28 06:00:00+00:00,82.88833333333334,875.8333333333334,1732773600
2024-11-28 12:00:00+00:00,106.125,883.6666666666666,1732795200
2024-11-28 18:00:00+00:00,106.77499999999999,876.0,1732816800
2024-11-29 00:00:00+00:00,47.74666666666667,877.6666666666666,1732838400
2024-11-29 06:00:00+00:00,62.94333333333333,880.0,1732860000
2024-11-29 12:00:00+00:00,48.855,871.8333333333334,1732881600
2024-11-29 18:00:00+00:00,42.72833333333333,728.8333333333334,1732903200
2024-11-30 00:00:00+00:00,37.98833333333334,374.0,1732924800
2024-11-30 06:00:00+00:00,40.25833333333333,403.8333333333333,1732946400
2024-11-30 12:00:00+00:00,42.335,921.0,1732968000
2024-11-30 18:00:00+00:00,40.68666666666667,1055.0,1732989600
2024-12-01 00:00:00+00:00,38.42333333333333,563.8333333333334,1733011200
2024-12-01 06:00:00+00:00,39.21666666666667,569.8333333333334,1733032800
2024-12-01 12:00:00+00:00,39.69833333333333,998.3333333333334,1733054400
2024-12-01 18:00:00+00:00,38.346666666666664,548.1666666666666,1733076000
2024-12-02 00:00:00+00:00,33.57333333333333,116.33333333333333,1733097600
2024-12-02 06:00:00+00:00,41.71666666666666,841.5,1733119200
2024-12-02 12:00:00+00:00,41.86166666666667,797.6666666666666,1733140800
2024-12-02 18:00:00+00:00,39.721666666666664,335.5,1733162400
2024-12-03 00:00:00+00:00,43.221666666666664,857.3333333333334,1733184000
2024-12-03 06:00:00+00:00,98.855,657.5,1733205600
2024-12-03 12:00:00+00:00,109.83333333333333,833.0,1733227200
2024-12-03 18:00:00+00:00,122.52166666666666,647.1666666666666,1733248800
2024-12-04 00:00:00+00:00,69.69,867.1666666666666,1733270400
2024-12-04 06:00:00+00:00,195.09833333333333,843.5,1733292000
2024-12-04 12:00:00+00:00,115.98666666666666,870.1666666666666,1733313600
2024-12-04 18:00:00+00:00,74.89999999999999,867.5,1733335200
2024-12-05 00:00:00+00:00,51.12833333333333,868.3333333333334,1733356800
2024-12-05 06:00:00+00:00,84.79166666666667,869.6666666666666,1733378400
2024-12-05 12:00:00+00:00,53.95666666666667,872.5,1733400000
2024-12-05 18:00:00+00:00,43.63166666666667,587.6666666666666,1733421600
2024-12-06 00:00:00+00:00,28.52,128.0,1733443200
2024-12-06 06:00:00+00:00,93.02166666666666,645.3333333333334,1733464800
2024-12-06 12:00:00+00:00,116.42833333333334,718.5,1733486400
2024-12-06 18:00:00+00:00,95.61166666666666,680.8333333333334,1733508000
2024-12-07 00:00:00+00:00,42.35333333333333,535.8333333333334,1733529600
2024-12-07 06:00:00+00:00,44.785,827.8333333333334,1733551200
2024-12-07 12:00:00+00:00,51.195,811.1666666666666,1733572800
2024-12-07 18:00:00+00:00,50.04333333333333,812.0,1733594400
2024-12-08 00:00:00+00:00,40.46666666666667,636.0,1733616000
2024-12-08 06:00:00+00:00,55.07833333333334,759.6666666666666,1733637600
2024-12-08 12:00:00+00:00,73.23166666666667,852.8333333333334,1733659200
2024-12-08 18:00:00+00:00,48.10666666666666,774.6666666666666,1733680800
2024-12-09 00:00:00+00:00,40.01833333333334,187.16666666666666,1733702400
2024-12-09 06:00:00+00:00,67.7,725.6666666666666,1733724000
2024-12-09 12:00:00+00:00,103.39666666666666,711.0,1733745600
2024-12-09 18:00:00+00:00,96.43666666666667,804.5,1733767200
2024-12-10 00:00:00+00:00,74.0,825.0,1733788800
2024-12-10 06:00:00+00:00,148.085,720.8333333333334,1733810400
2024-12-10 12:00:00+00:00,175.08,650.3333333333334,1733832000
2024-12-10 18:00:00+00:00,108.97333333333334,723.5,1733853600
2024-12-11 00:00:00+00:00,60.81,824.3333333333334,1733875200
2024-12-11 06:00:00+00:00,277.28000000000003,787.8333333333334,1733896800
2024-12-11 12:00:00+00:00,367.5833333333333,838.1666666666666,1733918400
2024-12-11 18:00:00+00:00,180.54666666666665,1023.6666666666666,1733940000
2024-12-12 00:00:00+00:00,117.44166666666666,1049.6666666666667,1733961600
2024-12-12 06:00:00+00:00,429.705,903.3333333333334,1733983200
2024-12-12 12:00:00+00:00,622.6966666666666,874.1666666666666,1734004800
2024-12-12 18:00:00+00:00,214.2733333333333,1027.5,1734026400
2024-12-13 00:00:00+00:00,51.376666666666665,1041.5,1734048000
2024-12-13 06:00:00+00:00,174.235,774.0,1734069600
2024-12-13 12:00:00+00:00,146.905,670.8333333333334,1734091200
2024-12-13 18:00:00+00:00,51.718333333333334,628.0,1734112800
2024-12-14 00:00:00+00:00,36.955,180.0,1734134400
2024-12-14 06:00:00+00:00,37.193333333333335,662.1666666666666,1734156000
2024-12-14 12:00:00+00:00,35.141666666666666,709.0,1734177600
2024-12-14 18:00:00+00:00,30.973333333333333,300.6666666666667,1734199200
2024-12-15 00:00:00+00:00,32.64,162.16666666666666,1734220800
2024-12-15 06:00:00+00:00,37.464999999999996,712.1666666666666,1734242400
2024-12-15 12:00:00+00:00,31.668333333333333,25.333333333333332,1734264000
2024-12-15 18:00:00+00:00,11.933333333333335,0.0,1734285600
2024-12-16 00:00:00+00:00,3.2566666666666664,0.0,1734307200
2024-12-16 06:00:00+00:00,29.31833333333333,0.0,1734328800
2024-12-16 12:00:00+00:00,29.91,0.0,1734350400
2024-12-16 18:00:00+00:00,23.55333333333333,0.0,1734372000
2024-12-17 00:00:00+00:00,23.61,15.666666666666666,1734393600
2024-12-17 06:00:00+00:00,41.083333333333336,869.8333333333334,1734415200
2024-12-17 12:00:00+00:00,80.74166666666667,903.6666666666666,1734436800
2024-12-17 18:00:00+00:00,57.89833333333333,769.0,1734458400
2024-12-18 00:00:00+00:00,25.165000000000003,8.0,1734480000
2024-12-18 06:00:00+00:00,32.98166666666667,455.1666666666667,1734501600
2024-12-18 12:00:00+00:00,29.453333333333333,0.0,1734523200
2024-12-18 18:00:00+00:00,22.310000000000002,0.0,1734544800
2024-12-19 00:00:00+00:00,10.355,0.0,1734566400
2024-12-19 06:00:00+00:00,31.646666666666665,397.5,1734588000
2024-12-19 12:00:00+00:00,30.14833333333333,512.0,1734609600
2024-12-19 18:00:00+00:00,25.60166666666667,172.83333333333334,1734631200
2024-12-20 00:00:00+00:00,19.425,0.0,1734652800
2024-12-20 06:00:00+00:00,27.468333333333334,708.6666666666666,1734674400
2024-12-20 12:00:00+00:00,31.486666666666668,1162.3333333333333,1734696000
2024-12-20 18:00:00+00:00,26.775000000000002,615.8333333333334,1734717600
2024-12-21 00:00:00+00:00,20.846666666666668,0.0,1734739200
2024-12-21 06:00:00+00:00,27.51,66.33333333333333,1734760800
2024-12-21 12:00:00+00:00,27.731666666666666,0.0,1734782400
2024-12-21 18:00:00+00:00,12.145000000000001,0.0,1734804000
2024-12-22 00:00:00+00:00,6.055,0.0,1734825600
2024-12-22 06:00:00+00:00,17.08,8.0,1734847200
2024-12-22 12:00:00+00:00,36.025,740.1666666666666,1734868800
2024-12-22 18:00:00+00:00,32.03666666666667,711.0,1734890400
2024-12-23 00:00:00+00:00,16.616666666666667,16.166666666666668,1734912000
2024-12-23 06:00:00+00:00,44.61166666666667,787.3333333333334,1734933600
2024-12-23 12:00:00+00:00,66.29666666666667,835.1666666666666,1734955200
2024-12-23 18:00:00+00:00,68.99166666666666,1045.0,1734976800
2024-12-24 00:00:00+00:00,32.89666666666667,1182.8333333333333,1734998400
2024-12-24 06:00:00+00:00,37.54333333333333,1101.0,1735020000
2024-12-24 12:00:00+00:00,34.02333333333333,833.6666666666666,1735041600
2024-12-24 18:00:00+00:00,30.796666666666667,514.5,1735063200
2024-12-25 00:00:00+00:00,30.838333333333335,500.6666666666667,1735084800
2024-12-25 06:00:00+00:00,31.116666666666664,670.5,1735106400
2024-12-25 12:00:00+00:00,30.965,621.8333333333334,1735128000
2024-12-25 18:00:00+00:00,30.905,508.8333333333333,1735149600
2024-12-26 00:00:00+00:00,31.508333333333336,368.5,1735171200
2024-12-26 06:00:00+00:00,35.45166666666667,590.5,1735192800
2024-12-26 12:00:00+00:00,33.175000000000004,581.3333333333334,1735214400
2024-12-26 18:00:00+00:00,31.608333333333334,336.6666666666667,1735236000
2024-12-27 00:00:00+00:00,30.923333333333332,607.5,1735257600
2024-12-27 06:00:00+00:00,38.54666666666667,717.5,1735279200
2024-12-27 12:00:00+00:00,39.555,1033.1666666666667,1735300800
2024-12-27 18:00:00+00:00,32.34666666666667,829.5,1735322400
2024-12-28 00:00:00+00:00,30.891666666666666,586.5,1735344000
2024-12-28 06:00:00+00:00,30.916666666666668,675.5,1735365600
2024-12-28 12:00:00+00:00,31.051666666666666,1169.6666666666667,1735387200
2024-12-28 18:00:00+00:00,30.551666666666666,595.8333333333334,1735408800
2024-12-29 00:00:00+00:00,29.603333333333335,577.0,1735430400
2024-12-29 06:00:00+00:00,29.12,228.0,1735452000
2024-12-29 12:00:00+00:00,26.333333333333332,159.0,1735473600
2024-12-29 18:00:00+00:00,24.371666666666666,0.0,1735495200
2024-12-30 00:00:00+00:00,26.483333333333334,0.0,1735516800
2024-12-30 06:00:00+00:00,34.06333333333333,468.0,1735538400
2024-12-30 12:00:00+00:00,36.281666666666666,861.6666666666666,1735560000
2024-12-30 18:00:00+00:00,31.51,481.6666666666667,1735581600
2024-12-31 00:00:00+00:00,31.02333333333333,223.5,1735603200
2024-12-31 06:00:00+00:00,36.565,711.0,1735624800
2024-12-31 12:00:00+00:00,33.055,1044.5,1735646400
2024-12-31 18:00:00+00:00,22.575,49.833333333333336,1735668000
2025-01-01 00:00:00+00:00,12.33,0.0,1735689600
2025-01-01 06:00:00+00:00,20.388333333333332,0.0,1735711200
2025-01-01 12:00:00+00:00,26.825,0.0,1735732800
2025-01-01 18:00:00+00:00,26.635,0.0,1735754400
2025-01-02 00:00:00+00:00,29.915000000000003,210.0,1735776000
2025-01-02 06:00:00+00:00,108.485,668.5,1735797600
2025-01-02 12:00:00+00:00,124.60333333333334,658.3333333333334,1735819200
2025-01-02 18:00:00+00:00,71.95833333333333,731.3333333333334,1735840800
2025-01-03 00:00:00+00:00,34.888333333333335,1156.5,1735862400
2025-01-03 06:00:00+00:00,63.82833333333334,859.6666666666666,1735884000
2025-01-03 12:00:00+00:00,78.16833333333334,861.6666666666666,1735905600
2025-01-03 18:00:00+00:00,73.60333333333334,862.3333333333334,1735927200
2025-01-04 00:00:00+00:00,42.46666666666667,1217.6666666666667,1735948800
2025-01-04 06:00:00+00:00,117.90666666666668,1015.6666666666666,1735970400
2025-01-04 12:00:00+00:00,124.52166666666666,1139.5,1735992000
2025-01-04 18:00:00+00:00,88.03833333333334,1209.1666666666667,1736013600
2025-01-05 00:00:00+00:00,57.089999999999996,1209.0,1736035200
2025-01-05 06:00:00+00:00,73.18333333333334,1200.1666666666667,1736056800
2025-01-05 12:00:00+00:00,57.083333333333336,1210.0,1736078400
2025-01-05 18:00:00+00:00,35.276666666666664,921.1666666666666,1736100000
2025-01-06 00:00:00+00:00,23.05666666666667,23.666666666666668,1736121600
2025-01-06 06:00:00+00:00,35.68833333333333,823.3333333333334,1736143200
2025-01-06 12:00:00+00:00,31.304999999999996,442.5,1736164800
2025-01-06 18:00:00+00:00,27.635,367.3333333333333,1736186400
2025-01-07 00:00:00+00:00,24.223333333333333,46.5,1736208000
2025-01-07 06:00:00+00:00,35.31666666666667,1092.0,1736229600
2025-01-07 12:00:00+00:00,34.69166666666667,899.8333333333334,1736251200
2025-01-07 18:00:00+00:00,33.651666666666664,548.1666666666666,1736272800
2025-01-08 00:00:00+00:00,33.473333333333336,740.3333333333334,1736294400
2025-01-08 06:00:00+00:00,60.695,714.0,1736316000
2025-01-08 12:00:00+00:00,106.36000000000001,762.3333333333334,1736337600
2025-01-08 18:00:00+00:00,85.42833333333334,901.6666666666666,1736359200
2025-01-09 00:00:00+00:00,46.39666666666667,786.5,1736380800
2025-01-09 06:00:00+00:00,135.66,1048.5,1736402400
2025-01-09 12:00:00+00:00,119.67,901.6666666666666,1736424000
2025-01-09 18:00:00+00:00,94.65666666666665,1036.8333333333333,1736445600
2025-01-10 00:00:00+00:00,56.29833333333334,1130.1666666666667,1736467200
2025-01-10 06:00:00+00:00,120.23,969.8333333333334,1736488800
2025-01-10 12:00:00+00:00,123.49833333333333,835.5,1736510400
2025-01-10 18:00:00+00:00,51.278333333333336,614.6666666666666,1736532000
2025-01-11 00:00:00+00:00,34.95333333333333,0.0,1736553600
2025-01-11 06:00:00+00:00,37.36333333333334,162.5,1736575200
2025-01-11 12:00:00+00:00,38.538333333333334,270.6666666666667,1736596800
2025-01-11 18:00:00+00:00,36.31666666666667,251.66666666666666,1736618400
2025-01-12 00:00:00+00:00,34.266666666666666,58.166666666666664,1736640000
2025-01-12 06:00:00+00:00,54.12833333333333,846.8333333333334,1736661600
2025-01-12 12:00:00+00:00,111.18833333333333,1098.3333333333333,1736683200
2025-01-12 18:00:00+00:00,86.64,1079.0,1736704800
2025-01-13 00:00:00+00:00,36.513333333333335,966.8333333333334,1736726400
2025-01-13 06:00:00+00:00,55.08166666666667,1208.6666666666667,1736748000
2025-01-13 12:00:00+00:00,33.37,440.6666666666667,1736769600
2025-01-13 18:00:00+00:00,29.583333333333332,0.0,1736791200
2025-01-14 00:00:00+00:00,30.998333333333335,0.0,1736812800
2025-01-14 06:00:00+00:00,33.635,0.0,1736834400
2025-01-14 12:00:00+00:00,35.19,170.66666666666666,1736856000
2025-01-14 18:00:00+00:00,35.305,8.833333333333334,1736877600
2025-01-15 00:00:00+00:00,47.43333333333334,402.3333333333333,1736899200
2025-01-15 06:00:00+00:00,121.55,947.0,1736920800
2025-01-15 12:00:00+00:00,58.701666666666675,767.6666666666666,1736942400
2025-01-15 18:00:00+00:00,37.89,623.8333333333334,1736964000
2025-01-16 00:00:00+00:00,37.13,845.8333333333334,1736985600
2025-01-16 06:00:00+00:00,59.028333333333336,858.3333333333334,1737007200
2025-01-16 12:00:00+00:00,45.405,898.6666666666666,1737028800
2025-01-16 18:00:00+00:00,37.638333333333335,620.5,1737050400
2025-01-17 00:00:00+00:00,36.044999999999995,622.8333333333334,1737072000
2025-01-17 06:00:00+00:00,43.69166666666666,617.6666666666666,1737093600
2025-01-17 12:00:00+00:00,37.141666666666666,621.1666666666666,1737115200
2025-01-17 18:00:00+00:00,36.998333333333335,285.5,1737136800
2025-01-18 00:00:00+00:00,36.641666666666666,0.16666666666666666,1737158400
2025-01-18 06:00:00+00:00,42.42166666666667,819.1666666666666,1737180000
2025-01-18 12:00:00+00:00,44.156666666666666,961.0,1737201600
2025-01-18 18:00:00+00:00,39.31,409.5,1737223200
2025-01-19 00:00:00+00:00,39.395,0.0,1737244800
2025-01-19 06:00:00+00:00,42.45333333333333,461.1666666666667,1737266400
2025-01-19 12:00:00+00:00,91.00833333333333,836.3333333333334,1737288000
2025-01-19 18:00:00+00:00,68.14,672.1666666666666,1737309600
2025-01-20 00:00:00+00:00,58.56,447.5,1737331200
2025-01-20 06:00:00+00:00,253.12666666666667,1030.8333333333333,1737352800
2025-01-20 12:00:00+00:00,312.90000000000003,1046.1666666666667,1737374400
2025-01-20 18:00:00+00:00,128.12166666666667,951.3333333333334,1737396000
2025-01-21 00:00:00+00:00,42.94166666666666,901.6666666666666,1737417600
2025-01-21 06:00:00+00:00,167.06833333333333,697.6666666666666,1737439200
2025-01-21 12:00:00+00:00,192.625,721.6666666666666,1737460800
2025-01-21 18:00:00+00:00,114.65833333333332,766.5,1737482400
2025-01-22 00:00:00+00:00,56.035,1059.1666666666667,1737504000
2025-01-22 06:00:00+00:00,186.70166666666668,962.6666666666666,1737525600
2025-01-22 12:00:00+00:00,183.525,873.8333333333334,1737547200
2025-01-22 18:00:00+00:00,104.59833333333334,1067.5,1737568800
2025-01-23 00:00:00+00:00,48.54333333333333,1110.3333333333333,1737590400
2025-01-23 06:00:00+00:00,127.65500000000002,1026.5,1737612000
2025-01-23 12:00:00+00:00,72.46499999999999,1092.6666666666667,1737633600
2025-01-23 18:00:00+00:00,42.71,797.5,1737655200
2025-01-24 00:00:00+00:00,36.385,120.5,1737676800
2025-01-24 06:00:00+00:00,54.48333333333333,670.3333333333334,1737698400
2025-01-24 12:00:00+00:00,35.973333333333336,26.833333333333332,1737720000
2025-01-24 18:00:00+00:00,30.951666666666664,0.0,1737741600
2025-01-25 00:00:00+00:00,28.724999999999998,0.0,1737763200
2025-01-25 06:00:00+00:00,32.005,0.0,1737784800
2025-01-25 12:00:00+00:00,33.23666666666667,0.0,1737806400
2025-01-25 18:00:00+00:00,32.52,0.0,1737828000
2025-01-26 00:00:00+00:00,35.166666666666664,147.16666666666666,1737849600
2025-01-26 06:00:00+00:00,35.25333333333334,283.8333333333333,1737871200
2025-01-26 12:00:00+00:00,37.685,869.6666666666666,1737892800
2025-01-26 18:00:00+00:00,35.32666666666666,637.5,1737914400
2025-01-27 00:00:00+00:00,25.076666666666668,25.833333333333332,1737936000
2025-01-27 06:00:00+00:00,39.071666666666665,569.6666666666666,1737957600
2025-01-27 12:00:00+00:00,36.983333333333334,521.3333333333334,1737979200
2025-01-27 18:00:00+00:00,34.185,138.66666666666666,1738000800
2025-01-28 00:00:00+00:00,34.88,82.5,1738022400
2025-01-28 06:00:00+00:00,103.13333333333333,509.0,1738044000
2025-01-28 12:00:00+00:00,114.61500000000001,470.6666666666667,1738065600
2025-01-28 18:00:00+00:00,60.08833333333333,671.6666666666666,1738087200
2025-01-29 00:00:00+00:00,40.62833333333334,639.1666666666666,1738108800
2025-01-29 06:00:00+00:00,111.87333333333333,525.1666666666666,1738130400
2025-01-29 12:00:00+00:00,108.06833333333334,638.8333333333334,1738152000
2025-01-29 18:00:00+00:00,62.93666666666667,834.5,1738173600
2025-01-30 00:00:00+00:00,41.84,866.0,1738195200
2025-01-30 06:00:00+00:00,85.46666666666665,851.8333333333334,1738216800
2025-01-30 12:00:00+00:00,80.47,799.5,1738238400
2025-01-30 18:00:00+00:00,54.663333333333334,855.5,1738260000
2025-01-31 00:00:00+00:00,51.498333333333335,1073.5,1738281600
2025-01-31 06:00:00+00:00,134.09333333333333,817.6666666666666,1738303200
2025-01-31 12:00:00+00:00,138.20166666666668,788.8333333333334,1738324800
2025-01-31 18:00:00+00:00,60.321666666666665,881.6666666666666,1738346400
2025-02-01 00:00:00+00:00,43.321666666666665,929.8333333333334,1738368000
2025-02-01 06:00:00+00:00,99.68,693.1666666666666,1738389600
2025-02-01 12:00:00+00:00,130.785,961.6666666666666,1738411200
2025-02-01 18:00:00+00:00,105.915,727.0,1738432800
2025-02-02 00:00:00+00:00,55.653333333333336,1112.5,1738454400
2025-02-02 06:00:00+00:00,126.84833333333334,785.6666666666666,1738476000
2025-02-02 12:00:00+00:00,136.01666666666665,999.6666666666666,1738497600
2025-02-02 18:00:00+00:00,112.08333333333333,1128.3333333333333,1738519200
2025-02-03 00:00:00+00:00,76.59166666666667,1136.6666666666667,1738540800
2025-02-03 06:00:00+00:00,163.1,699.3333333333334,1738562400
2025-02-03 12:00:00+00:00,152.715,653.0,1738584000
2025-02-03 18:00:00+00:00,119.29333333333334,658.0,1738605600
2025-02-04 00:00:00+00:00,56.538333333333334,838.5,1738627200
2025-02-04 06:00:00+00:00,132.045,424.3333333333333,1738648800
2025-02-04 12:00:00+00:00,56.80833333333334,391.6666666666667,1738670400
2025-02-04 18:00:00+00:00,44.415,273.1666666666667,1738692000
2025-02-05 00:00:00+00:00,41.77833333333333,8.0,1738713600
2025-02-05 06:00:00+00:00,47.34166666666667,486.6666666666667,1738735200
2025-02-05 12:00:00+00:00,53.23333333333333,536.6666666666666,1738756800
2025-02-05 18:00:00+00:00,50.913333333333334,848.5,1738778400
2025-02-06 00:00:00+00:00,54.22666666666667,897.3333333333334,1738800000
2025-02-06 06:00:00+00:00,146.36833333333334,1121.5,1738821600
2025-02-06 12:00:00+00:00,115.00166666666667,1089.5,1738843200
2025-02-06 18:00:00+00:00,102.84833333333334,1105.3333333333333,1738864800
2025-02-07 00:00:00+00:00,68.16666666666667,1074.6666666666667,1738886400
2025-02-07 06:00:00+00:00,122.52999999999999,985.3333333333334,1738908000
2025-02-07 12:00:00+00:00,84.40166666666667,866.0,1738929600
2025-02-07 18:00:00+00:00,55.62833333333333,493.6666666666667,1738951200
2025-02-08 00:00:00+00:00,48.39166666666667,68.5,1738972800
2025-02-08 06:00:00+00:00,51.294999999999995,250.5,1738994400
2025-02-08 12:00:00+00:00,69.19833333333334,879.8333333333334,1739016000
2025-02-08 18:00:00+00:00,64.93333333333334,930.5,1739037600
2025-02-09 00:00:00+00:00,56.718333333333334,981.3333333333334,1739059200
2025-02-09 06:00:00+00:00,92.94666666666667,985.5,1739080800
2025-02-09 12:00:00+00:00,94.99000000000001,960.5,1739102400
2025-02-09 18:00:00+00:00,67.72333333333333,887.6666666666666,1739124000
2025-02-10 00:00:00+00:00,55.196666666666665,828.5,1739145600
2025-02-10 06:00:00+00:00,87.71499999999999,954.8333333333334,1739167200
2025-02-10 12:00:00+00:00,61.97666666666667,808.3333333333334,1739188800
2025-02-10 18:00:00+00:00,55.59166666666667,572.8333333333334,1739210400
2025-02-11 00:00:00+00:00,51.355,106.5,1739232000
2025-02-11 06:00:00+00:00,62.303333333333335,867.0,1739253600
2025-02-11 12:00:00+00:00,62.725,496.8333333333333,1739275200
2025-02-11 18:00:00+00:00,58.36000000000001,849.0,1739296800
2025-02-12 00:00:00+00:00,63.098333333333336,838.6666666666666,1739318400
2025-02-12 06:00:00+00:00,125.10666666666667,944.5,1739340000
2025-02-12 12:00:00+00:00,145.02,912.3333333333334,1739361600
2025-02-12 18:00:00+00:00,137.81,915.1666666666666,1739383200
2025-02-13 00:00:00+00:00,84.605,1115.0,1739404800
2025-02-13 06:00:00+00:00,185.455,1211.1666666666667,1739426400
2025-02-13 12:00:00+00:00,143.95166666666668,1186.3333333333333,1739448000
2025-02-13 18:00:00+00:00,128.23499999999999,1190.6666666666667,1739469600
2025-02-14 00:00:00+00:00,118.22499999999998,1191.6666666666667,1739491200
2025-02-14 06:00:00+00:00,190.05666666666664,1186.5,1739512800
2025-02-14 12:00:00+00:00,178.35,1160.6666666666667,1739534400
2025-02-14 18:00:00+00:00,134.225,1174.8333333333333,1739556000
2025-02-15 00:00:00+00:00,109.49333333333334,1006.0,1739577600
2025-02-15 06:00:00+00:00,110.255,1050.5,1739599200
2025-02-15 12:00:00+00:00,106.45166666666667,916.5,1739620800
2025-02-15 18:00:00+00:00,108.855,927.5,1739642400
2025-02-16 00:00:00+00:00,103.34333333333332,1057.3333333333333,1739664000
2025-02-16 06:00:00+00:00,123.09499999999998,1115.6666666666667,1739685600
2025-02-16 12:00:00+00:00,130.71166666666667,611.1666666666666,1739707200
2025-02-16 18:00:00+00:00,133.07333333333335,994.6666666666666,1739728800
2025-02-17 00:00:00+00:00,105.42333333333333,852.6666666666666,1739750400
2025-02-17 06:00:00+00:00,138.87833333333333,1096.6666666666667,1739772000
2025-02-17 12:00:00+00:00,109.53666666666668,603.5,1739793600
2025-02-17 18:00:00+00:00,120.795,1034.0,1739815200
2025-02-18 00:00:00+00:00,109.14,1049.1666666666667,1739836800
2025-02-18 06:00:00+00:00,136.03333333333333,1104.1666666666667,1739858400
2025-02-18 12:00:00+00:00,125.24000000000001,1044.0,1739880000
2025-02-18 18:00:00+00:00,121.45166666666667,1076.1666666666667,1739901600
2025-02-19 00:00:00+00:00,95.89333333333333,1159.1666666666667,1739923200
2025-02-19 06:00:00+00:00,119.40166666666666,994.1666666666666,1739944800
2025-02-19 12:00:00+00:00,97.97333333333334,1065.6666666666667,1739966400
2025-02-19 18:00:00+00:00,85.12,847.6666666666666,1739988000
2025-02-20 00:00:00+00:00,60.196666666666665,240.33333333333334,1740009600
2025-02-20 06:00:00+00:00,72.74166666666666,816.6666666666666,1740031200
2025-02-20 12:00:00+00:00,60.96,212.83333333333334,1740052800
2025-02-20 18:00:00+00:00,52.07833333333334,0.0,1740074400
2025-02-21 00:00:00+00:00,50.85833333333333,174.16666666666666,1740096000
2025-02-21 06:00:00+00:00,86.81166666666667,1139.3333333333333,1740117600
2025-02-21 12:00:00+00:00,65.495,1031.1666666666667,1740139200
2025-02-21 18:00:00+00:00,50.64666666666667,173.66666666666666,1740160800
2025-02-22 00:00:00+00:00,44.46333333333333,0.0,1740182400
2025-02-22 06:00:00+00:00,49.47833333333333,107.83333333333333,1740204000
2025-02-22 12:00:00+00:00,52.21,597.5,1740225600
2025-02-22 18:00:00+00:00,51.04833333333334,374.6666666666667,1740247200
2025-02-23 00:00:00+00:00,48.79666666666666,249.83333333333334,1740268800
2025-02-23 06:00:00+00:00,50.43666666666667,570.1666666666666,1740290400
2025-02-23 12:00:00+00:00,50.835,429.0,1740312000
2025-02-23 18:00:00+00:00,48.68166666666667,406.8333333333333,1740333600
2025-02-24 00:00:00+00:00,32.99333333333333,0.0,1740355200
2025-02-24 06:00:00+00:00,48.29333333333333,0.0,1740376800
2025-02-24 12:00:00+00:00,49.1,110.33333333333333,1740398400
2025-02-24 18:00:00+00:00,50.195,367.0,1740420000
2025-02-25 00:00:00+00:00,49.968333333333334,791.3333333333334,1740441600
2025-02-25 06:00:00+00:00,53.71666666666667,1049.6666666666667,1740463200
2025-02-25 12:00:00+00:00,55.26,1099.8333333333333,1740484800
2025-02-25 18:00:00+00:00,52.14833333333333,933.6666666666666,1740506400
2025-02-26 00:00:00+00:00,51.07,528.1666666666666,1740528000
2025-02-26 06:00:00+00:00,67.94166666666666,1214.1666666666667,1740549600
2025-02-26 12:00:00+00:00,70.16833333333334,1199.1666666666667,1740571200
2025-02-26 18:00:00+00:00,55.093333333333334,1177.0,1740592800
2025-02-27 00:00:00+00:00,49.04,1171.6666666666667,1740614400
2025-02-27 06:00:00+00:00,125.19333333333333,1209.0,1740636000
2025-02-27 12:00:00+00:00,93.68166666666667,1207.0,1740657600
2025-02-27 18:00:00+00:00,60.153333333333336,1181.6666666666667,1740679200
2025-02-28 00:00:00+00:00,45.906666666666666,1065.0,1740700800
2025-02-28 06:00:00+00:00,93.48666666666666,1205.3333333333333,1740722400
2025-02-28 12:00:00+00:00,67.56666666666666,1099.1666666666667,1740744000
2025-02-28 18:00:00+00:00,48.05166666666667,1107.1666666666667,1740765600
2025-03-01 00:00:00+00:00,43.656666666666666,618.1666666666666,1740787200
2025-03-01 06:00:00+00:00,45.54,966.3333333333334,1740808800
2025-03-01 12:00:00+00:00,43.285,614.3333333333334,1740830400
2025-03-01 18:00:00+00:00,43.18000000000001,761.6666666666666,1740852000
2025-03-02 00:00:00+00:00,40.74166666666667,318.5,1740873600
2025-03-02 06:00:00+00:00,39.18,145.5,1740895200
2025-03-02 12:00:00+00:00,36.71333333333333,304.5,1740916800
2025-03-02 18:00:00+00:00,40.968333333333334,520.3333333333334,1740938400
2025-03-03 00:00:00+00:00,38.263333333333335,0.0,1740960000
2025-03-03 06:00:00+00:00,37.625,0.0,1740981600
2025-03-03 12:00:00+00:00,38.49166666666667,0.0,1741003200
2025-03-03 18:00:00+00:00,38.266666666666666,0.0,1741024800
2025-03-04 00:00:00+00:00,38.815,0.0,1741046400
2025-03-04 06:00:00+00:00,37.63166666666667,0.0,1741068000
2025-03-04 12:00:00+00:00,33.43,0.0,1741089600
2025-03-04 18:00:00+00:00,31.538333333333338,0.0,1741111200
2025-03-05 00:00:00+00:00,21.376666666666665,0.0,1741132800
2025-03-05 06:00:00+00:00,19.203333333333333,0.0,1741154400
2025-03-05 12:00:00+00:00,24.095,0.0,1741176000
2025-03-05 18:00:00+00:00,31.853333333333335,0.0,1741197600
2025-03-06 00:00:00+00:00,33.24166666666667,8.333333333333334,1741219200
2025-03-06 06:00:00+00:00,35.44833333333333,174.83333333333334,1741240800
2025-03-06 12:00:00+00:00,36.69833333333333,242.33333333333334,1741262400
2025-03-06 18:00:00+00:00,38.52,104.0,1741284000
2025-03-07 00:00:00+00:00,34.735,91.83333333333333,1741305600
2025-03-07 06:00:00+00:00,39.093333333333334,553.3333333333334,1741327200
2025-03-07 12:00:00+00:00,37.975,312.1666666666667,1741348800
2025-03-07 18:00:00+00:00,39.52,513.0,1741370400
2025-03-08 00:00:00+00:00,42.001666666666665,854.6666666666666,1741392000
2025-03-08 06:00:00+00:00,34.98166666666667,92.0,1741413600
2025-03-08 12:00:00+00:00,38.06166666666667,475.8333333333333,1741435200
2025-03-08 18:00:00+00:00,40.416666666666664,467.1666666666667,1741456800
2025-03-09 00:00:00+00:00,38.76666666666667,0.0,1741478400
2025-03-09 06:00:00+00:00,32.5,0.0,1741500000
2025-03-09 12:00:00+00:00,39.403333333333336,433.6666666666667,1741521600
2025-03-09 18:00:00+00:00,45.406666666666666,893.0,1741543200
2025-03-10 00:00:00+00:00,44.02,900.3333333333334,1741564800
2025-03-10 06:00:00+00:00,59.88333333333333,907.5,1741586400
2025-03-10 12:00:00+00:00,52.56833333333333,907.3333333333334,1741608000
2025-03-10 18:00:00+00:00,45.254999999999995,902.3333333333334,1741629600
2025-03-11 00:00:00+00:00,43.605,872.1666666666666,1741651200
2025-03-11 06:00:00+00:00,106.70833333333333,910.3333333333334,1741672800
2025-03-11 12:00:00+00:00,107.27166666666666,910.6666666666666,1741694400
2025-03-11 18:00:00+00:00,65.55166666666666,890.5,1741716000
2025-03-12 00:00:00+00:00,63.04,862.8333333333334,1741737600
2025-03-12 06:00:00+00:00,106.91333333333334,911.6666666666666,1741759200
2025-03-12 12:00:00+00:00,101.085,896.1666666666666,1741780800
2025-03-12 18:00:00+00:00,126.71999999999998,858.5,1741802400
2025-03-13 00:00:00+00:00,100.21166666666666,795.5,1741824000
2025-03-13 06:00:00+00:00,116.88166666666666,843.5,1741845600
2025-03-13 12:00:00+00:00,108.02,706.3333333333334,1741867200
2025-03-13 18:00:00+00:00,119.13666666666667,825.0,1741888800
2025-03-14 00:00:00+00:00,57.12833333333333,820.5,1741910400
2025-03-14 06:00:00+00:00,107.12166666666667,880.3333333333334,1741932000
2025-03-14 12:00:00+00:00,75.83,718.3333333333334,1741953600
2025-03-14 18:00:00+00:00,60.928333333333335,735.0,1741975200
2025-03-15 00:00:00+00:00,46.22333333333333,857.6666666666666,1741996800
2025-03-15 06:00:00+00:00,46.06,587.1666666666666,1742018400
2025-03-15 12:00:00+00:00,45.303333333333335,266.5,1742040000
2025-03-15 18:00:00+00:00,45.01166666666666,304.5,1742061600
2025-03-16 00:00:00+00:00,42.73499999999999,0.0,1742083200
2025-03-16 06:00:00+00:00,38.77,0.0,1742104800
2025-03-16 12:00:00+00:00,42.233333333333334,282.3333333333333,1742126400
2025-03-16 18:00:00+00:00,46.135,781.5,1742148000
2025-03-17 00:00:00+00:00,47.25833333333333,807.3333333333334,1742169600
2025-03-17 06:00:00+00:00,48.96,625.1666666666666,1742191200
2025-03-17 12:00:00+00:00,48.794999999999995,476.6666666666667,1742212800
2025-03-17 18:00:00+00:00,48.718333333333334,400.5,1742234400
2025-03-18 00:00:00+00:00,47.19,180.0,1742256000
2025-03-18 06:00:00+00:00,45.71666666666667,328.6666666666667,1742277600
2025-03-18 12:00:00+00:00,45.083333333333336,229.0,1742299200
2025-03-18 18:00:00+00:00,46.895,217.83333333333334,1742320800
2025-03-19 00:00:00+00:00,46.50333333333333,76.0,1742342400
2025-03-19 06:00:00+00:00,44.701666666666675,329.0,1742364000
2025-03-19 12:00:00+00:00,51.43333333333334,423.6666666666667,1742385600
2025-03-19 18:00:00+00:00,49.76500000000001,609.0,1742407200
2025-03-20 00:00:00+00:00,48.406666666666666,441.8333333333333,1742428800
2025-03-20 06:00:00+00:00,46.99,386.1666666666667,1742450400
2025-03-20 12:00:00+00:00,56.145,463.1666666666667,1742472000
2025-03-20 18:00:00+00:00,55.81333333333333,731.1666666666666,1742493600
2025-03-21 00:00:00+00:00,54.824999999999996,550.6666666666666,1742515200
2025-03-21 06:00:00+00:00,55.303333333333335,348.5,1742536800
2025-03-21 12:00:00+00:00,41.15833333333333,212.0,1742558400
2025-03-21 18:00:00+00:00,40.05166666666667,51.333333333333336,1742580000
2025-03-22 00:00:00+00:00,14.881666666666666,0.0,1742601600
2025-03-22 06:00:00+00:00,14.075000000000001,0.0,1742623200
2025-03-22 12:00:00+00:00,20.741666666666664,0.0,1742644800
2025-03-22 18:00:00+00:00,36.55166666666667,0.0,1742666400
2025-03-23 00:00:00+00:00,27.995,0.0,1742688000
2025-03-23 06:00:00+00:00,31.811666666666667,0.0,1742709600
2025-03-23 12:00:00+00:00,43.10666666666666,94.83333333333333,1742731200
2025-03-23 18:00:00+00:00,49.17333333333334,243.33333333333334,1742752800
2025-03-24 00:00:00+00:00,52.11166666666667,578.6666666666666,1742774400
2025-03-24 06:00:00+00:00,59.50666666666667,765.1666666666666,1742796000
2025-03-24 12:00:00+00:00,61.35833333333333,678.5,1742817600
2025-03-24 18:00:00+00:00,55.498333333333335,435.0,1742839200
2025-03-25 00:00:00+00:00,49.50833333333333,0.5,1742860800
2025-03-25 06:00:00+00:00,51.97833333333333,540.5,1742882400
2025-03-25 12:00:00+00:00,51.56,332.6666666666667,1742904000
2025-03-25 18:00:00+00:00,50.77166666666667,278.3333333333333,1742925600
2025-03-26 00:00:00+00:00,50.87166666666667,161.33333333333334,1742947200
2025-03-26 06:00:00+00:00,53.041666666666664,661.6666666666666,1742968800
2025-03-26 12:00:00+00:00,55.041666666666664,525.1666666666666,1742990400
2025-03-26 18:00:00+00:00,56.46,455.3333333333333,1743012000
2025-03-27 00:00:00+00:00,50.23166666666666,32.833333333333336,1743033600
2025-03-27 06:00:00+00:00,50.34,360.1666666666667,1743055200
2025-03-27 12:00:00+00:00,48.08166666666667,99.5,1743076800
2025-03-27 18:00:00+00:00,49.39833333333333,126.33333333333333,1743098400
2025-03-28 00:00:00+00:00,47.725,0.0,1743120000
2025-03-28 06:00:00+00:00,45.22,0.0,1743141600
2025-03-28 12:00:00+00:00,45.67333333333334,49.833333333333336,1743163200
2025-03-28 18:00:00+00:00,50.00333333333333,36.833333333333336,1743184800
2025-03-29 00:00:00+00:00,48.468333333333334,123.83333333333333,1743206400
2025-03-29 06:00:00+00:00,47.53333333333333,224.33333333333334,1743228000
2025-03-29 12:00:00+00:00,39.155,235.66666666666666,1743249600
2025-03-29 18:00:00+00:00,47.86166666666667,336.6666666666667,1743271200
2025-03-30 00:00:00+00:00,13.611666666666666,0.0,1743292800
2025-03-30 06:00:00+00:00,10.69,0.0,1743314400
2025-03-30 12:00:00+00:00,21.078333333333333,74.16666666666667,1743336000
2025-03-30 18:00:00+00:00,48.06166666666667,670.5,1743357600
2025-03-31 00:00:00+00:00,52.998333333333335,842.5,1743379200
2025-03-31 06:00:00+00:00,60.45499999999999,535.5,1743400800
2025-03-31 12:00:00+00:00,59.54833333333334,444.5,1743422400
2025-03-31 18:00:00+00:00,60.05666666666667,553.0,1743444000
2025-04-01 00:00:00+00:00,88.8,602.8333333333334,1743465600
2025-04-01 06:00:00+00:00,74.135,405.3333333333333,1743487200
2025-04-01 12:00:00+00:00,56.26,390.6666666666667,1743508800
2025-04-01 18:00:00+00:00,63.11166666666667,582.5,1743530400
2025-04-02 00:00:00+00:00,70.39166666666667,607.5,1743552000
2025-04-02 06:00:00+00:00,58.20166666666666,282.8333333333333,1743573600
2025-04-02 12:00:00+00:00,42.318333333333335,214.66666666666666,1743595200
2025-04-02 18:00:00+00:00,55.623333333333335,601.5,1743616800
2025-04-03 00:00:00+00:00,66.65166666666666,608.1666666666666,1743638400
2025-04-03 06:00:00+00:00,52.55666666666667,236.33333333333334,1743660000
2025-04-03 12:00:00+00:00,43.79,269.3333333333333,1743681600
2025-04-03 18:00:00+00:00,51.98333333333333,308.1666666666667,1743703200
2025-04-04 00:00:00+00:00,63.45666666666667,353.5,1743724800
2025-04-04 06:00:00+00:00,50.93666666666667,281.8333333333333,1743746400
2025-04-04 12:00:00+00:00,48.401666666666664,279.3333333333333,1743768000
2025-04-04 18:00:00+00:00,51.335,558.6666666666666,1743789600
2025-04-05 00:00:00+00:00,49.89333333333334,58.333333333333336,1743811200
2025-04-05 06:00:00+00:00,40.475,94.83333333333333,1743832800
2025-04-05 12:00:00+00:00,37.93833333333333,196.5,1743854400
2025-04-05 18:00:00+00:00,52.921666666666674,761.3333333333334,1743876000
2025-04-06 00:00:00+00:00,50.98833333333334,605.5,1743897600
2025-04-06 06:00:00+00:00,38.050000000000004,21.666666666666668,1743919200
2025-04-06 12:00:00+00:00,43.375,223.33333333333334,1743940800
2025-04-06 18:00:00+00:00,51.080000000000005,543.0,1743962400
2025-04-07 00:00:00+00:00,73.05,498.3333333333333,1743984000
2025-04-07 06:00:00+00:00,73.57833333333333,323.1666666666667,1744005600
2025-04-07 12:00:00+00:00,86.91000000000001,371.8333333333333,1744027200
2025-04-07 18:00:00+00:00,97.065,586.8333333333334,1744048800
2025-04-08 00:00:00+00:00,69.88833333333334,598.3333333333334,1744070400
2025-04-08 06:00:00+00:00,61.29,357.3333333333333,1744092000
2025-04-08 12:00:00+00:00,51.0,414.6666666666667,1744113600
2025-04-08 18:00:00+00:00,51.218333333333334,469.5,1744135200
2025-04-09 00:00:00+00:00,52.445,314.3333333333333,1744156800
2025-04-09 06:00:00+00:00,45.43666666666667,352.0,1744178400
2025-04-09 12:00:00+00:00,43.971666666666664,142.83333333333334,1744200000
2025-04-09 18:00:00+00:00,48.848333333333336,112.83333333333333,1744221600
2025-04-10 00:00:00+00:00,68.21333333333332,277.0,1744243200
2025-04-10 06:00:00+00:00,60.208333333333336,343.3333333333333,1744264800
2025-04-10 12:00:00+00:00,36.11333333333334,61.5,1744286400
2025-04-10 18:00:00+00:00,29.985,194.08333333333334,1744308000
2025-04-11 00:00:00+00:00,28.515,378.3333333333333,1744329600
2025-04-11 06:00:00+00:00,29.445000000000004,276.5416666666667,1744351200
2025-04-11 12:00:00+00:00,37.211666666666666,425.9166666666667,1744372800
2025-04-11 18:00:00+00:00,49.086666666666666,165.375,1744394400
2025-04-12 00:00:00+00:00,49.63166666666667,0.0,1744416000
2025-04-12 06:00:00+00:00,44.155,0.0,1744437600
2025-04-12 12:00:00+00:00,47.461666666666666,161.66666666666666,1744459200
2025-04-12 18:00:00+00:00,54.65,296.9166666666667,1744480800
2025-04-13 00:00:00+00:00,32.318333333333335,0.0,1744502400
2025-04-13 06:00:00+00:00,5.446666666666666,42.166666666666664,1744524000
2025-04-13 12:00:00+00:00,30.11833333333333,162.83333333333334,1744545600
2025-04-13 18:00:00+00:00,49.876666666666665,114.04166666666667,1744567200
2025-04-14 00:00:00+00:00,49.41166666666667,296.1666666666667,1744588800
2025-04-14 06:00:00+00:00,50.26833333333334,530.25,1744610400
2025-04-14 12:00:00+00:00,49.73,380.9166666666667,1744632000
2025-04-14 18:00:00+00:00,50.89666666666667,625.25,1744653600
2025-04-15 00:00:00+00:00,49.333333333333336,257.6666666666667,1744675200
2025-04-15 06:00:00+00:00,32.913333333333334,44.416666666666664,1744696800
2025-04-15 12:00:00+00:00,24.05,0.0,1744718400
2025-04-15 18:00:00+00:00,42.385,0.0,1744740000
2025-04-16 00:00:00+00:00,45.67333333333334,38.666666666666664,1744761600
2025-04-16 06:00:00+00:00,44.89333333333334,0.0,1744783200
2025-04-16 12:00:00+00:00,47.81666666666666,263.9583333333333,1744804800
2025-04-16 18:00:00+00:00,51.083333333333336,96.875,1744826400
2025-04-17 00:00:00+00:00,50.25,46.333333333333336,1744848000
2025-04-17 06:00:00+00:00,52.95333333333334,532.7916666666666,1744869600
2025-04-17 12:00:00+00:00,52.35999999999999,369.375,1744891200
2025-04-17 18:00:00+00:00,52.288333333333334,232.75,1744912800
2025-04-18 00:00:00+00:00,52.074999999999996,0.0,1744934400
2025-04-18 06:00:00+00:00,51.76166666666666,120.04166666666667,1744956000
2025-04-18 12:00:00+00:00,52.544999999999995,351.4166666666667,1744977600
2025-04-18 18:00:00+00:00,52.14333333333334,170.0,1744999200
2025-04-19 00:00:00+00:00,52.449999999999996,131.91666666666666,1745020800
2025-04-19 06:00:00+00:00,42.053333333333335,195.66666666666666,1745042400
2025-04-19 12:00:00+00:00,44.288333333333334,332.875,1745064000
2025-04-19 18:00:00+00:00,53.555,428.125,1745085600
2025-04-20 00:00:00+00:00,52.73833333333334,223.25,1745107200
2025-04-20 06:00:00+00:00,41.78666666666667,1.5,1745128800
2025-04-20 12:00:00+00:00,50.35833333333333,262.0416666666667,1745150400
2025-04-20 18:00:00+00:00,57.19166666666666,608.7083333333334,1745172000
2025-04-21 00:00:00+00:00,57.336666666666666,594.5,1745193600
2025-04-21 06:00:00+00:00,48.97,315.7083333333333,1745215200
2025-04-21 12:00:00+00:00,53.115,481.2083333333333,1745236800
2025-04-21 18:00:00+00:00,59.23,604.0833333333334,1745258400
2025-04-22 00:00:00+00:00,74.21,605.4583333333334,1745280000
2025-04-22 06:00:00+00:00,97.56,603.5833333333334,1745301600
2025-04-22 12:00:00+00:00,103.56333333333333,607.8333333333334,1745323200
2025-04-22 18:00:00+00:00,126.99833333333333,607.875,1745344800
2025-04-23 00:00:00+00:00,80.95666666666666,606.2916666666666,1745366400
2025-04-23 06:00:00+00:00,77.665,602.25,1745388000
2025-04-23 12:00:00+00:00,89.50166666666667,607.2083333333334,1745409600
2025-04-23 18:00:00+00:00,93.61500000000001,607.5,1745431200
2025-04-24 00:00:00+00:00,79.87166666666667,607.5833333333334,1745452800
2025-04-24 06:00:00+00:00,90.16333333333334,607.1666666666666,1745474400
2025-04-24 12:00:00+00:00,71.43666666666667,607.0833333333334,1745496000
2025-04-24 18:00:00+00:00,81.315,606.125,1745517600
2025-04-25 00:00:00+00:00,71.24333333333334,605.7083333333334,1745539200
2025-04-25 06:00:00+00:00,72.69500000000001,600.125,1745560800
2025-04-25 12:00:00+00:00,62.82833333333334,590.5416666666666,1745582400
2025-04-25 18:00:00+00:00,69.60666666666667,608.9166666666666,1745604000
2025-04-26 00:00:00+00:00,57.60166666666667,608.2083333333334,1745625600
2025-04-26 06:00:00+00:00,40.285,587.5,1745647200
2025-04-26 12:00:00+00:00,43.53666666666666,607.5833333333334,1745668800
2025-04-26 18:00:00+00:00,61.405,607.7916666666666,1745690400
2025-04-27 00:00:00+00:00,54.11000000000001,606.25,1745712000
2025-04-27 06:00:00+00:00,15.331666666666665,607.9583333333334,1745733600
2025-04-27 12:00:00+00:00,31.581666666666667,607.125,1745755200
2025-04-27 18:00:00+00:00,67.70333333333333,608.1666666666666,1745776800
2025-04-28 00:00:00+00:00,54.03666666666666,608.5833333333334,1745798400
2025-04-28 06:00:00+00:00,42.64833333333333,605.125,1745820000
2025-04-28 12:00:00+00:00,43.27166666666667,531.7083333333334,1745841600
2025-04-28 18:00:00+00:00,53.51833333333334,554.75,1745863200
2025-04-29 00:00:00+00:00,56.72833333333333,604.8333333333334,1745884800
2025-04-29 06:00:00+00:00,41.565,575.75,1745906400
2025-04-29 12:00:00+00:00,47.02166666666667,606.0416666666666,1745928000
2025-04-29 18:00:00+00:00,60.446666666666665,572.25,1745949600
2025-04-30 00:00:00+00:00,63.54666666666666,591.8333333333334,1745971200
2025-04-30 06:00:00+00:00,48.26666666666667,608.625,1745992800
2025-04-30 12:00:00+00:00,44.49333333333333,586.6666666666666,1746014400
2025-04-30 18:00:00+00:00,101.03666666666668,555.125,1746036000
2025-05-01 00:00:00+00:00,64.68666666666667,549.6666666666666,1746057600
2025-05-01 06:00:00+00:00,37.97666666666667,83.875,1746079200
2025-05-01 12:00:00+00:00,46.25666666666667,237.70833333333334,1746100800
2025-05-01 18:00:00+00:00,73.14166666666667,607.5416666666666,1746122400
2025-05-02 00:00:00+00:00,54.35166666666667,605.75,1746144000
2025-05-02 06:00:00+00:00,36.42666666666667,168.75,1746165600
2025-05-02 12:00:00+00:00,43.571666666666665,277.5,1746187200
2025-05-02 18:00:00+00:00,61.37833333333333,607.0833333333334,1746208800
2025-05-03 00:00:00+00:00,58.97666666666667,562.1666666666666,1746230400
2025-05-03 06:00:00+00:00,40.086666666666666,109.29166666666667,1746252000
2025-05-03 12:00:00+00:00,27.748333333333335,310.7083333333333,1746273600
2025-05-03 18:00:00+00:00,61.74666666666667,571.6666666666666,1746295200
2025-05-04 00:00:00+00:00,17.663333333333334,2.375,1746316800
2025-05-04 06:00:00+00:00,2.0566666666666666,0.0,1746338400
2025-05-04 12:00:00+00:00,34.88666666666666,211.95833333333334,1746360000
2025-05-04 18:00:00+00:00,82.64666666666666,603.875,1746381600
2025-05-05 00:00:00+00:00,82.865,608.375,1746403200
2025-05-05 06:00:00+00:00,79.44833333333334,607.4166666666666,1746424800
2025-05-05 12:00:00+00:00,74.02333333333333,608.3333333333334,1746446400
2025-05-05 18:00:00+00:00,86.98833333333334,605.9583333333334,1746468000
2025-05-06 00:00:00+00:00,91.06833333333333,605.3333333333334,1746489600
2025-05-06 06:00:00+00:00,67.98166666666667,554.7083333333334,1746511200
2025-05-06 12:00:00+00:00,83.0,608.4166666666666,1746532800
2025-05-06 18:00:00+00:00,112.71166666666666,608.7083333333334,1746554400
2025-05-07 00:00:00+00:00,103.07666666666667,606.4166666666666,1746576000
2025-05-07 06:00:00+00:00,85.01666666666667,609.1666666666666,1746597600
2025-05-07 12:00:00+00:00,90.67666666666666,605.6666666666666,1746619200
2025-05-07 18:00:00+00:00,108.375,605.2916666666666,1746640800
2025-05-08 00:00:00+00:00,102.23833333333334,605.7083333333334,1746662400
2025-05-08 06:00:00+00:00,86.74833333333333,604.5416666666666,1746684000
2025-05-08 12:00:00+00:00,90.40499999999999,604.375,1746705600
2025-05-08 18:00:00+00:00,118.01666666666667,561.9583333333334,1746727200
2025-05-09 00:00:00+00:00,87.39,523.4583333333334,1746748800
2025-05-09 06:00:00+00:00,66.77666666666667,589.9583333333334,1746770400
2025-05-09 12:00:00+00:00,60.666666666666664,572.4583333333334,1746792000
2025-05-09 18:00:00+00:00,85.36,567.625,1746813600
2025-05-10 00:00:00+00:00,78.55,585.4166666666666,1746835200
2025-05-10 06:00:00+00:00,47.846666666666664,133.54166666666666,1746856800
2025-05-10 12:00:00+00:00,51.72833333333333,270.2916666666667,1746878400
2025-05-10 18:00:00+00:00,89.12666666666667,584.6666666666666,1746900000
2025-05-11 00:00:00+00:00,74.34,454.2916666666667,1746921600
2025-05-11 06:00:00+00:00,33.85166666666667,0.0,1746943200
2025-05-11 12:00:00+00:00,35.43833333333334,176.04166666666666,1746964800
2025-05-11 18:00:00+00:00,83.94166666666666,603.7083333333334,1746986400
2025-05-12 00:00:00+00:00,81.48333333333333,605.3333333333334,1747008000
2025-05-12 06:00:00+00:00,57.11166666666667,405.4166666666667,1747029600
2025-05-12 12:00:00+00:00,64.68333333333334,296.2916666666667,1747051200
2025-05-12 18:00:00+00:00,95.75166666666667,608.375,1747072800
2025-05-13 00:00:00+00:00,91.77,606.375,1747094400
2025-05-13 06:00:00+00:00,63.56833333333333,506.2916666666667,1747116000
2025-05-13 12:00:00+00:00,62.06166666666667,540.375,1747137600
2025-05-13 18:00:00+00:00,100.46333333333332,607.2916666666666,1747159200
2025-05-14 00:00:00+00:00,79.31,605.9166666666666,1747180800
2025-05-14 06:00:00+00:00,55.835,421.375,1747202400
2025-05-14 12:00:00+00:00,56.11833333333333,354.8333333333333,1747224000
2025-05-14 18:00:00+00:00,88.89166666666667,607.0416666666666,1747245600
2025-05-15 00:00:00+00:00,72.64333333333333,605.5,1747267200
2025-05-15 06:00:00+00:00,52.42166666666666,194.45833333333334,1747288800
2025-05-15 12:00:00+00:00,49.82666666666666,204.83333333333334,1747310400
2025-05-15 18:00:00+00:00,80.295,607.375,1747332000
2025-05-16 00:00:00+00:00,74.07333333333334,606.25,1747353600
2025-05-16 06:00:00+00:00,62.77,384.9166666666667,1747375200
2025-05-16 12:00:00+00:00,63.615,392.3333333333333,1747396800
2025-05-16 18:00:00+00:00,81.83333333333333,605.4583333333334,1747418400
2025-05-17 00:00:00+00:00,62.06666666666666,572.0,1747440000
2025-05-17 06:00:00+00:00,42.61166666666667,85.375,1747461600
2025-05-17 12:00:00+00:00,53.43,162.41666666666666,1747483200
2025-05-17 18:00:00+00:00,76.81833333333333,603.75,1747504800
2025-05-18 00:00:00+00:00,66.35833333333333,509.6666666666667,1747526400
2025-05-18 06:00:00+00:00,45.12166666666667,27.583333333333332,1747548000
2025-05-18 12:00:00+00:00,50.95166666666666,145.625,1747569600
2025-05-18 18:00:00+00:00,75.64833333333333,606.125,1747591200
2025-05-19 00:00:00+00:00,81.52333333333333,605.0833333333334,1747612800
2025-05-19 06:00:00+00:00,73.11166666666666,584.4583333333334,1747634400
2025-05-19 12:00:00+00:00,72.965,607.4583333333334,1747656000
2025-05-19 18:00:00+00:00,83.35000000000001,607.25,1747677600
2025-05-20 00:00:00+00:00,77.92999999999999,608.5833333333334,1747699200
2025-05-20 06:00:00+00:00,65.07000000000001,478.75,1747720800
2025-05-20 12:00:00+00:00,74.53,528.9166666666666,1747742400
2025-05-20 18:00:00+00:00,83.77,608.3333333333334,1747764000
2025-05-21 00:00:00+00:00,72.43166666666667,608.375,1747785600
2025-05-21 06:00:00+00:00,51.055,377.875,1747807200
2025-05-21 12:00:00+00:00,38.19,373.5,1747828800
2025-05-21 18:00:00+00:00,61.98333333333333,504.625,1747850400
2025-05-22 00:00:00+00:00,46.175000000000004,360.0,1747872000
2025-05-22 06:00:00+00:00,46.718333333333334,231.58333333333334,1747893600
2025-05-22 12:00:00+00:00,47.79833333333334,104.875,1747915200
2025-05-22 18:00:00+00:00,81.12833333333333,514.2083333333334,1747936800
2025-05-23 00:00:00+00:00,85.67833333333334,596.4166666666666,1747958400
2025-05-23 06:00:00+00:00,71.85833333333333,257.6666666666667,1747980000
2025-05-23 12:00:00+00:00,62.42666666666667,191.25,1748001600
2025-05-23 18:00:00+00:00,85.66166666666668,607.5,1748023200
2025-05-24 00:00:00+00:00,71.73833333333333,581.25,1748044800
2025-05-24 06:00:00+00:00,38.343333333333334,73.16666666666667,1748066400
2025-05-24 12:00:00+00:00,43.123333333333335,226.29166666666666,1748088000
2025-05-24 18:00:00+00:00,69.21833333333333,393.0833333333333,1748109600
2025-05-25 00:00:00+00:00,10.631666666666666,0.0,1748131200
2025-05-25 06:00:00+00:00,15.683333333333332,0.0,1748152800
2025-05-25 12:00:00+00:00,26.680000000000003,77.08333333333333,1748174400
2025-05-25 18:00:00+00:00,60.778333333333336,252.875,1748196000
2025-05-26 00:00:00+00:00,59.205000000000005,286.9166666666667,1748217600
2025-05-26 06:00:00+00:00,38.66166666666667,49.333333333333336,1748239200
2025-05-26 12:00:00+00:00,47.39666666666667,147.45833333333334,1748260800
2025-05-26 18:00:00+00:00,82.18833333333333,445.875,1748282400
2025-05-27 00:00:00+00:00,39.07666666666667,0.875,1748304000
2025-05-27 06:00:00+00:00,33.01833333333334,0.0,1748325600
2025-05-27 12:00:00+00:00,59.56,271.4166666666667,1748347200
2025-05-27 18:00:00+00:00,81.34833333333333,607.9583333333334,1748368800
2025-05-28 00:00:00+00:00,73.39833333333333,607.6666666666666,1748390400
2025-05-28 06:00:00+00:00,75.13,607.0,1748412000
2025-05-28 12:00:00+00:00,71.12833333333333,558.375,1748433600
2025-05-28 18:00:00+00:00,77.88,607.7083333333334,1748455200
2025-05-29 00:00:00+00:00,70.32333333333334,607.75,1748476800
2025-05-29 06:00:00+00:00,45.083333333333336,149.75,1748498400
2025-05-29 12:00:00+00:00,31.03,166.83333333333334,1748520000
2025-05-29 18:00:00+00:00,53.68833333333333,391.875,1748541600
2025-05-30 00:00:00+00:00,32.315000000000005,96.20833333333333,1748563200
2025-05-30 06:00:00+00:00,44.43666666666667,98.625,1748584800
2025-05-30 12:00:00+00:00,52.080000000000005,234.04166666666666,1748606400
2025-05-30 18:00:00+00:00,65.64333333333333,608.2916666666666,1748628000
2025-05-31 00:00:00+00:00,63.88,609.0416666666666,1748649600
2025-05-31 06:00:00+00:00,32.045,68.45833333333333,1748671200
2025-05-31 12:00:00+00:00,49.24333333333333,255.75,1748692800
2025-05-31 18:00:00+00:00,80.09166666666667,603.1666666666666,1748714400
2025-06-01 00:00:00+00:00,49.376666666666665,385.8333333333333,1748736000
2025-06-01 06:00:00+00:00,7.93,0.0,1748757600
2025-06-01 12:00:00+00:00,22.299999999999997,189.75,1748779200
2025-06-01 18:00:00+00:00,65.10000000000001,603.4583333333334,1748800800
2025-06-02 00:00:00+00:00,61.056666666666665,599.4583333333334,1748822400
2025-06-02 06:00:00+00:00,52.21666666666667,284.125,1748844000
2025-06-02 12:00:00+00:00,58.72,355.6666666666667,1748865600
2025-06-02 18:00:00+00:00,82.76666666666667,591.3333333333334,1748887200
2025-06-03 00:00:00+00:00,63.37166666666667,591.4583333333334,1748908800
2025-06-03 06:00:00+00:00,29.974999999999998,99.25,1748930400
2025-06-03 12:00:00+00:00,34.15,220.66666666666666,1748952000
2025-06-03 18:00:00+00:00,73.20166666666667,538.125,1748973600
2025-06-04 00:00:00+00:00,64.97166666666666,443.0833333333333,1748995200
2025-06-04 06:00:00+00:00,57.153333333333336,271.1666666666667,1749016800
2025-06-04 12:00:00+00:00,64.44166666666666,292.5,1749038400
2025-06-04 18:00:00+00:00,78.48833333333333,607.7916666666666,1749060000
2025-06-05 00:00:00+00:00,74.24,532.0,1749081600
2025-06-05 06:00:00+00:00,58.78333333333333,262.5,1749103200
2025-06-05 12:00:00+00:00,64.585,304.7916666666667,1749124800
2025-06-05 18:00:00+00:00,76.97666666666667,600.4583333333334,1749146400
2025-06-06 00:00:00+00:00,59.498333333333335,261.5833333333333,1749168000
2025-06-06 06:00:00+00:00,41.568333333333335,14.416666666666666,1749189600
2025-06-06 12:00:00+00:00,49.08833333333333,112.79166666666667,1749211200
2025-06-06 18:00:00+00:00,64.995,556.9583333333334,1749232800
2025-06-07 00:00:00+00:00,64.21833333333333,556.875,1749254400
2025-06-07 06:00:00+00:00,45.160000000000004,88.125,1749276000
2025-06-07 12:00:00+00:00,46.751666666666665,189.375,1749297600
2025-06-07 18:00:00+00:00,76.27833333333334,606.125,1749319200
2025-06-08 00:00:00+00:00,47.50833333333333,187.29166666666666,1749340800
2025-06-08 06:00:00+00:00,2.9766666666666666,0.0,1749362400
2025-06-08 12:00:00+00:00,10.908333333333333,0.0,1749384000
2025-06-08 18:00:00+00:00,47.050000000000004,143.125,1749405600
2025-06-09 00:00:00+00:00,28.14,0.0,1749427200
2025-06-09 06:00:00+00:00,23.393333333333334,0.0,1749448800
2025-06-09 12:00:00+00:00,57.455000000000005,180.16666666666666,1749470400
2025-06-09 18:00:00+00:00,71.98333333333333,607.4166666666666,1749492000
2025-06-10 00:00:00+00:00,61.501666666666665,293.8333333333333,1749513600
2025-06-10 06:00:00+00:00,55.05833333333334,137.875,1749535200
2025-06-10 12:00:00+00:00,56.629999999999995,222.33333333333334,1749556800
2025-06-10 18:00:00+00:00,69.94666666666667,608.5833333333334,1749578400
2025-06-11 00:00:00+00:00,69.97666666666667,608.625,1749600000
2025-06-11 06:00:00+00:00,58.13166666666667,191.91666666666666,1749621600
2025-06-11 12:00:00+00:00,61.635,312.0416666666667,1749643200
2025-06-11 18:00:00+00:00,87.34166666666665,608.1666666666666,1749664800
2025-06-12 00:00:00+00:00,65.72166666666666,438.8333333333333,1749686400
2025-06-12 06:00:00+00:00,47.62833333333333,80.16666666666667,1749708000
2025-06-12 12:00:00+00:00,53.294999999999995,235.91666666666666,1749729600
2025-06-12 18:00:00+00:00,72.55666666666666,572.2916666666666,1749751200
2025-06-13 00:00:00+00:00,62.51666666666667,368.5833333333333,1749772800
2025-06-13 06:00:00+00:00,44.428333333333335,76.16666666666667,1749794400
2025-06-13 12:00:00+00:00,49.906666666666666,176.58333333333334,1749816000
2025-06-13 18:00:00+00:00,70.39,571.7083333333334,1749837600
2025-06-14 00:00:00+00:00,53.52333333333333,218.25,1749859200
2025-06-14 06:00:00+00:00,13.076666666666666,0.0,1749880800
2025-06-14 12:00:00+00:00,44.821666666666665,189.08333333333334,1749902400
2025-06-14 18:00:00+00:00,80.66666666666667,607.4583333333334,1749924000
2025-06-15 00:00:00+00:00,68.89999999999999,548.3333333333334,1749945600
2025-06-15 06:00:00+00:00,23.69333333333333,296.7916666666667,1749967200
2025-06-15 12:00:00+00:00,42.935,446.7083333333333,1749988800
2025-06-15 18:00:00+00:00,94.54833333333333,607.9166666666666,1750010400
2025-06-16 00:00:00+00:00,79.22166666666668,607.9166666666666,1750032000
2025-06-16 06:00:00+00:00,60.296666666666674,219.29166666666666,1750053600
2025-06-16 12:00:00+00:00,57.89666666666667,194.20833333333334,1750075200
2025-06-16 18:00:00+00:00,73.93166666666666,600.125,1750096800
2025-06-17 00:00:00+00:00,70.52833333333334,530.4166666666666,1750118400
2025-06-17 06:00:00+00:00,56.031666666666666,153.66666666666666,1750140000
2025-06-17 12:00:00+00:00,59.781666666666666,287.9583333333333,1750161600
2025-06-17 18:00:00+00:00,83.36833333333333,603.75,1750183200
2025-06-18 00:00:00+00:00,80.15666666666667,607.375,1750204800
2025-06-18 06:00:00+00:00,49.91166666666666,213.08333333333334,1750226400
2025-06-18 12:00:00+00:00,47.846666666666664,262.25,1750248000
2025-06-18 18:00:00+00:00,78.96,608.625,1750269600
2025-06-19 00:00:00+00:00,67.79666666666667,582.375,1750291200
2025-06-19 06:00:00+00:00,28.945000000000004,82.125,1750312800
2025-06-19 12:00:00+00:00,46.16166666666667,206.875,1750334400
2025-06-19 18:00:00+00:00,81.89833333333333,607.6666666666666,1750356000
2025-06-20 00:00:00+00:00,73.39999999999999,602.5,1750377600
2025-06-20 06:00:00+00:00,64.18333333333334,272.2083333333333,1750399200
2025-06-20 12:00:00+00:00,67.93333333333334,363.0,1750420800
2025-06-20 18:00:00+00:00,80.61166666666666,607.4166666666666,1750442400
2025-06-21 00:00:00+00:00,71.42333333333333,599.3333333333334,1750464000
2025-06-21 06:00:00+00:00,47.15,94.29166666666667,1750485600
2025-06-21 12:00:00+00:00,52.02,237.33333333333334,1750507200
2025-06-21 18:00:00+00:00,82.95333333333333,527.375,1750528800
2025-06-22 00:00:00+00:00,64.67,382.2083333333333,1750550400
2025-06-22 06:00:00+00:00,2.891666666666667,0.0,1750572000
2025-06-22 12:00:00+00:00,34.895,125.83333333333333,1750593600
2025-06-22 18:00:00+00:00,69.505,507.7916666666667,1750615200
2025-06-23 00:00:00+00:00,41.915,0.0,1750636800
2025-06-23 06:00:00+00:00,21.013333333333332,0.0,1750658400
2025-06-23 12:00:00+00:00,8.056666666666667,10.791666666666666,1750680000
2025-06-23 18:00:00+00:00,57.23666666666667,208.45833333333334,1750701600
2025-06-24 00:00:00+00:00,42.76166666666666,121.75,1750723200
2025-06-24 06:00:00+00:00,27.938333333333333,17.708333333333332,1750744800
2025-06-24 12:00:00+00:00,40.56333333333333,159.125,1750766400
2025-06-24 18:00:00+00:00,67.22333333333334,550.9166666666666,1750788000
2025-06-25 00:00:00+00:00,61.26166666666666,451.0,1750809600
2025-06-25 06:00:00+00:00,51.47833333333333,104.875,1750831200
2025-06-25 12:00:00+00:00,62.26166666666666,399.625,1750852800
2025-06-25 18:00:00+00:00,79.21166666666666,604.625,1750874400
2025-06-26 00:00:00+00:00,74.145,605.0,1750896000
2025-06-26 06:00:00+00:00,72.39166666666667,554.25,1750917600
2025-06-26 12:00:00+00:00,64.095,346.5833333333333,1750939200
2025-06-26 18:00:00+00:00,77.37833333333333,587.2916666666666,1750960800
2025-06-27 00:00:00+00:00,60.40833333333333,603.1666666666666,1750982400
2025-06-27 06:00:00+00:00,51.835,542.6666666666666,1751004000
2025-06-27 12:00:00+00:00,46.879999999999995,607.4583333333334,1751025600
2025-06-27 18:00:00+00:00,63.28333333333333,683.9166666666666,1751047200
2025-06-28 00:00:00+00:00,36.516666666666666,221.83333333333334,1751068800
2025-06-28 06:00:00+00:00,8.816666666666666,0.0,1751090400
2025-06-28 12:00:00+00:00,26.03,112.95833333333333,1751112000
2025-06-28 18:00:00+00:00,59.56,534.625,1751133600
2025-06-29 00:00:00+00:00,56.10333333333333,217.04166666666666,1751155200
2025-06-29 06:00:00+00:00,8.196666666666667,0.0,1751176800
2025-06-29 12:00:00+00:00,26.67833333333333,8.5,1751198400
2025-06-29 18:00:00+00:00,62.278333333333336,828.625,1751220000
2025-06-30 00:00:00+00:00,64.69833333333334,798.7083333333334,1751241600
2025-06-30 06:00:00+00:00,55.26500000000001,434.9583333333333,1751263200
2025-06-30 12:00:00+00:00,64.63,633.1666666666666,1751284800
2025-06-30 18:00:00+00:00,75.20166666666667,909.75,1751306400
2025-07-01 00:00:00+00:00,64.57333333333334,757.5416666666666,1751328000
2025-07-01 06:00:00+00:00,62.865,797.875,1751349600
2025-07-01 12:00:00+00:00,69.24833333333333,903.4583333333334,1751371200
2025-07-01 18:00:00+00:00,72.50666666666666,904.4166666666666,1751392800
2025-07-02 00:00:00+00:00,64.61166666666666,788.9166666666666,1751414400
2025-07-02 06:00:00+00:00,60.87166666666667,825.9166666666666,1751436000
2025-07-02 12:00:00+00:00,65.52166666666666,855.8333333333334,1751457600
2025-07-02 18:00:00+00:00,66.80833333333334,801.0416666666666,1751479200
2025-07-03 00:00:00+00:00,58.73333333333333,136.16666666666666,1751500800
2025-07-03 06:00:00+00:00,50.300000000000004,0.0,1751522400
2025-07-03 12:00:00+00:00,51.93666666666667,292.75,1751544000
2025-07-03 18:00:00+00:00,64.52499999999999,871.25,1751565600
2025-07-04 00:00:00+00:00,67.38,768.0,1751587200
2025-07-04 06:00:00+00:00,49.1,333.0,1751608800
2025-07-04 12:00:00+00:00,42.14833333333333,345.2083333333333,1751630400
2025-07-04 18:00:00+00:00,66.44833333333334,804.8333333333334,1751652000
2025-07-05 00:00:00+00:00,33.005,52.5,1751673600
2025-07-05 06:00:00+00:00,7.161666666666666,0.0,1751695200
2025-07-05 12:00:00+00:00,27.758333333333336,103.125,1751716800
2025-07-05 18:00:00+00:00,66.35166666666667,768.2916666666666,1751738400
2025-07-06 00:00:00+00:00,63.818333333333335,686.875,1751760000
2025-07-06 06:00:00+00:00,42.611666666666665,121.20833333333333,1751781600
2025-07-06 12:00:00+00:00,64.99333333333334,697.375,1751803200
2025-07-06 18:00:00+00:00,74.83833333333332,907.5833333333334,1751824800
2025-07-07 00:00:00+00:00,66.95333333333333,895.2083333333334,1751846400
2025-07-07 06:00:00+00:00,70.31166666666667,864.4583333333334,1751868000
2025-07-07 12:00:00+00:00,61.02,650.25,1751889600
2025-07-07 18:00:00+00:00,69.34833333333333,897.4583333333334,1751911200
2025-07-08 00:00:00+00:00,67.46166666666666,808.875,1751932800
2025-07-08 06:00:00+00:00,65.675,838.8333333333334,1751954400
2025-07-08 12:00:00+00:00,66.47333333333334,786.0833333333334,1751976000
2025-07-08 18:00:00+00:00,73.93333333333334,908.5833333333334,1751997600
2025-07-09 00:00:00+00:00,71.13333333333334,899.9166666666666,1752019200
2025-07-09 06:00:00+00:00,70.84666666666666,893.9583333333334,1752040800
2025-07-09 12:00:00+00:00,68.97500000000001,851.7916666666666,1752062400
2025-07-09 18:00:00+00:00,74.005,903.1666666666666,1752084000
2025-07-10 00:00:00+00:00,70.57333333333334,905.7083333333334,1752105600
2025-07-10 06:00:00+00:00,65.64666666666666,777.75,1752127200
2025-07-10 12:00:00+00:00,67.39666666666666,803.7916666666666,1752148800
2025-07-10 18:00:00+00:00,70.68333333333334,909.75,1752170400
2025-07-11 00:00:00+00:00,70.68333333333334,905.25,1752192000
2025-07-11 06:00:00+00:00,67.06833333333334,862.375,1752213600
2025-07-11 12:00:00+00:00,64.86,730.6666666666666,1752235200
2025-07-11 18:00:00+00:00,70.81333333333333,911.0416666666666,1752256800
2025-07-12 00:00:00+00:00,68.35666666666667,910.5833333333334,1752278400
2025-07-12 06:00:00+00:00,35.016666666666666,187.5,1752300000
2025-07-12 12:00:00+00:00,56.56333333333333,418.4583333333333,1752321600
2025-07-12 18:00:00+00:00,77.03666666666668,797.9583333333334,1752343200
2025-07-13 00:00:00+00:00,74.22,599.0416666666666,1752364800
2025-07-13 06:00:00+00:00,41.01833333333333,189.58333333333334,1752386400
2025-07-13 12:00:00+00:00,62.52,352.6666666666667,1752408000
2025-07-13 18:00:00+00:00,81.42999999999999,859.875,1752429600
2025-07-14 00:00:00+00:00,79.20833333333333,899.0,1752451200
2025-07-14 06:00:00+00:00,77.26,886.8333333333334,1752472800
2025-07-14 12:00:00+00:00,72.22666666666667,853.9166666666666,1752494400
2025-07-14 18:00:00+00:00,80.66833333333334,906.5833333333334,1752516000
2025-07-15 00:00:00+00:00,73.885,723.3333333333334,1752537600
2025-07-15 06:00:00+00:00,69.47666666666667,567.8333333333334,1752559200
2025-07-15 12:00:00+00:00,70.38833333333334,561.75,1752580800
2025-07-15 18:00:00+00:00,81.81166666666667,861.7916666666666,1752602400
2025-07-16 00:00:00+00:00,75.66666666666667,857.7083333333334,1752624000
2025-07-16 06:00:00+00:00,81.005,843.5416666666666,1752645600
2025-07-16 12:00:00+00:00,78.48833333333333,851.2916666666666,1752667200
2025-07-16 18:00:00+00:00,77.89,899.5416666666666,1752688800
2025-07-17 00:00:00+00:00,73.11333333333333,895.4166666666666,1752710400
2025-07-17 06:00:00+00:00,76.89833333333333,785.9166666666666,1752732000
2025-07-17 12:00:00+00:00,75.24166666666667,705.875,1752753600
2025-07-17 18:00:00+00:00,83.355,907.7916666666666,1752775200
2025-07-18 00:00:00+00:00,79.72333333333334,905.0416666666666,1752796800
2025-07-18 06:00:00+00:00,81.705,903.6666666666666,1752818400
2025-07-18 12:00:00+00:00,82.60166666666667,886.75,1752840000
2025-07-18 18:00:00+00:00,86.085,907.0,1752861600
2025-07-19 00:00:00+00:00,76.55,794.6666666666666,1752883200
2025-07-19 06:00:00+00:00,34.553333333333335,201.25,1752904800
2025-07-19 12:00:00+00:00,56.75833333333333,487.3333333333333,1752926400
2025-07-19 18:00:00+00:00,91.11333333333334,867.25,1752948000
2025-07-20 00:00:00+00:00,75.86,717.2916666666666,1752969600
2025-07-20 06:00:00+00:00,33.92,228.95833333333334,1752991200
2025-07-20 12:00:00+00:00,63.00666666666666,549.8333333333334,1753012800
2025-07-20 18:00:00+00:00,81.38333333333334,905.8333333333334,1753034400
2025-07-21 00:00:00+00:00,75.76666666666667,861.1666666666666,1753056000
2025-07-21 06:00:00+00:00,77.995,890.4166666666666,1753077600
2025-07-21 12:00:00+00:00,83.77499999999999,904.3333333333334,1753099200
2025-07-21 18:00:00+00:00,84.22500000000001,891.6666666666666,1753120800
2025-07-22 00:00:00+00:00,77.64,878.0833333333334,1753142400
2025-07-22 06:00:00+00:00,67.41166666666666,640.1666666666666,1753164000
2025-07-22 12:00:00+00:00,63.79833333333334,516.625,1753185600
2025-07-22 18:00:00+00:00,81.18833333333333,912.8333333333334,1753207200
2025-07-23 00:00:00+00:00,74.39999999999999,890.1666666666666,1753228800
2025-07-23 06:00:00+00:00,71.50833333333334,365.5833333333333,1753250400
2025-07-23 12:00:00+00:00,72.64,386.875,1753272000
2025-07-23 18:00:00+00:00,85.66000000000001,610.9166666666666,1753293600
2025-07-24 00:00:00+00:00,84.32333333333334,609.2083333333334,1753315200
2025-07-24 06:00:00+00:00,84.68333333333334,611.2083333333334,1753336800
2025-07-24 12:00:00+00:00,84.54166666666667,609.5833333333334,1753358400
2025-07-24 18:00:00+00:00,84.39,900.9166666666666,1753380000
2025-07-25 00:00:00+00:00,83.13166666666667,907.7916666666666,1753401600
2025-07-25 06:00:00+00:00,84.32166666666667,907.4166666666666,1753423200
2025-07-25 12:00:00+00:00,81.51166666666667,907.2083333333334,1753444800
2025-07-25 18:00:00+00:00,85.36666666666667,907.125,1753466400
2025-07-26 00:00:00+00:00,82.11666666666667,907.2083333333334,1753488000
2025-07-26 06:00:00+00:00,71.61166666666666,739.9166666666666,1753509600
2025-07-26 12:00:00+00:00,75.715,835.625,1753531200
2025-07-26 18:00:00+00:00,87.38333333333333,915.7083333333334,1753552800
2025-07-27 00:00:00+00:00,83.50500000000001,912.0833333333334,1753574400
2025-07-27 06:00:00+00:00,62.51833333333334,524.9583333333334,1753596000
2025-07-27 12:00:00+00:00,60.696666666666665,491.0416666666667,1753617600
2025-07-27 18:00:00+00:00,89.835,915.5,1753639200
2025-07-28 00:00:00+00:00,80.55,874.8333333333334,1753660800
2025-07-28 06:00:00+00:00,78.85666666666667,857.1666666666666,1753682400
2025-07-28 12:00:00+00:00,73.48833333333333,695.0833333333334,1753704000
2025-07-28 18:00:00+00:00,78.64333333333333,899.875,1753725600
2025-07-29 00:00:00+00:00,70.97166666666666,782.1666666666666,1753747200
2025-07-29 06:00:00+00:00,49.635,346.2083333333333,1753768800
2025-07-29 12:00:00+00:00,56.251666666666665,454.5,1753790400
2025-07-29 18:00:00+00:00,78.29833333333333,908.75,1753812000
2025-07-30 00:00:00+00:00,74.565,885.0833333333334,1753833600
2025-07-30 06:00:00+00:00,55.23166666666666,482.875,1753855200
2025-07-30 12:00:00+00:00,60.663333333333334,492.75,1753876800
2025-07-30 18:00:00+00:00,80.01333333333334,657.6666666666666,1753898400
2025-07-31 00:00:00+00:00,77.09166666666667,640.7083333333334,1753920000
2025-07-31 06:00:00+00:00,71.14333333333333,374.1666666666667,1753941600
2025-07-31 12:00:00+00:00,73.69166666666666,444.2916666666667,1753963200
2025-07-31 18:00:00+00:00,83.75833333333333,894.9583333333334,1753984800
2025-08-01 00:00:00+00:00,81.37166666666667,820.375,1754006400
2025-08-01 06:00:00+00:00,84.47166666666666,687.5833333333334,1754028000
2025-08-01 12:00:00+00:00,73.69500000000001,458.3333333333333,1754049600
2025-08-01 18:00:00+00:00,94.63666666666666,909.875,1754071200
2025-08-02 00:00:00+00:00,81.78833333333333,765.7916666666666,1754092800
2025-08-02 06:00:00+00:00,35.01,208.54166666666666,1754114400
2025-08-02 12:00:00+00:00,48.18,497.2083333333333,1754136000
2025-08-02 18:00:00+00:00,84.02166666666666,803.7083333333334,1754157600
2025-08-03 00:00:00+00:00,53.51499999999999,3.4583333333333335,1754179200
2025-08-03 06:00:00+00:00,22.491666666666664,0.0,1754200800
2025-08-03 12:00:00+00:00,35.181666666666665,125.5,1754222400
2025-08-03 18:00:00+00:00,77.51166666666667,768.5,1754244000
2025-08-04 00:00:00+00:00,75.495,777.4166666666666,1754265600
2025-08-04 06:00:00+00:00,56.4,562.3333333333334,1754287200
2025-08-04 12:00:00+00:00,32.20666666666667,111.0,1754308800
2025-08-04 18:00:00+00:00,42.36833333333333,160.08333333333334,1754330400
2025-08-05 00:00:00+00:00,13.036666666666667,21.333333333333332,1754352000
2025-08-05 06:00:00+00:00,8.751666666666667,31.416666666666668,1754373600
2025-08-05 12:00:00+00:00,9.726666666666667,119.875,1754395200
2025-08-05 18:00:00+00:00,59.49,699.0833333333334,1754416800
2025-08-06 00:00:00+00:00,26.96666666666667,69.04166666666667,1754438400
2025-08-06 06:00:00+00:00,7.883333333333333,33.625,1754460000
2025-08-06 12:00:00+00:00,33.598333333333336,279.6666666666667,1754481600
2025-08-06 18:00:00+00:00,76.58333333333333,903.5416666666666,1754503200
2025-08-07 00:00:00+00:00,63.375,898.4583333333334,1754524800
2025-08-07 06:00:00+00:00,37.725,408.7083333333333,1754546400
2025-08-07 12:00:00+00:00,52.16833333333333,499.7916666666667,1754568000
2025-08-07 18:00:00+00:00,86.59333333333332,907.25,1754589600
2025-08-08 00:00:00+00:00,80.22,903.8333333333334,1754611200
2025-08-08 06:00:00+00:00,46.125,472.0,1754632800
2025-08-08 12:00:00+00:00,54.34833333333333,427.4583333333333,1754654400
2025-08-08 18:00:00+00:00,80.98666666666666,912.5416666666666,1754676000
2025-08-09 00:00:00+00:00,64.02166666666666,187.58333333333334,1754697600
2025-08-09 06:00:00+00:00,19.551666666666666,22.625,1754719200
2025-08-09 12:00:00+00:00,34.21333333333333,249.41666666666666,1754740800
2025-08-09 18:00:00+00:00,82.73166666666667,916.375,1754762400
2025-08-10 00:00:00+00:00,72.44,715.8333333333334,1754784000
2025-08-10 06:00:00+00:00,5.6000000000000005,0.0,1754805600
2025-08-10 12:00:00+00:00,34.083333333333336,253.75,1754827200
2025-08-10 18:00:00+00:00,87.855,901.7083333333334,1754848800
2025-08-11 00:00:00+00:00,80.935,872.3333333333334,1754870400
2025-08-11 06:00:00+00:00,63.62833333333333,348.625,1754892000
2025-08-11 12:00:00+00:00,76.605,503.9166666666667,1754913600
2025-08-11 18:00:00+00:00,96.555,914.9166666666666,1754935200
2025-08-12 00:00:00+00:00,83.76833333333333,908.9583333333334,1754956800
2025-08-12 06:00:00+00:00,64.15333333333334,407.7916666666667,1754978400
2025-08-12 12:00:00+00:00,79.57833333333333,585.3333333333334,1755000000
2025-08-12 18:00:00+00:00,100.75166666666667,903.9583333333334,1755021600
2025-08-13 00:00:00+00:00,89.58166666666666,859.8333333333334,1755043200
2025-08-13 06:00:00+00:00,79.58,382.6666666666667,1755064800
2025-08-13 12:00:00+00:00,88.895,711.6666666666666,1755086400
2025-08-13 18:00:00+00:00,102.21333333333332,916.375,1755108000
2025-08-14 00:00:00+00:00,90.25666666666666,916.625,1755129600
2025-08-14 06:00:00+00:00,74.33,700.6666666666666,1755151200
2025-08-14 12:00:00+00:00,94.39333333333333,855.75,1755172800
2025-08-14 18:00:00+00:00,105.73666666666666,915.625,1755194400
2025-08-15 00:00:00+00:00,84.81333333333333,916.5833333333334,1755216000
2025-08-15 06:00:00+00:00,45.25666666666666,524.2916666666666,1755237600
2025-08-15 12:00:00+00:00,51.71666666666667,563.2916666666666,1755259200
2025-08-15 18:00:00+00:00,84.91166666666668,907.125,1755280800
2025-08-16 00:00:00+00:00,83.85333333333334,904.5,1755302400
2025-08-16 06:00:00+00:00,33.7,277.625,1755324000
2025-08-16 12:00:00+00:00,33.88,265.875,1755345600
2025-08-16 18:00:00+00:00,89.02,909.3333333333334,1755367200
2025-08-17 00:00:00+00:00,82.29666666666667,867.9166666666666,1755388800
2025-08-17 06:00:00+00:00,27.738333333333333,194.875,1755410400
2025-08-17 12:00:00+00:00,52.42666666666667,391.0416666666667,1755432000
2025-08-17 18:00:00+00:00,93.22166666666668,609.6666666666666,1755453600
2025-08-18 00:00:00+00:00,86.77499999999999,606.75,1755475200
2025-08-18 06:00:00+00:00,66.74666666666667,375.625,1755496800
2025-08-18 12:00:00+00:00,79.3,470.7916666666667,1755518400
2025-08-18 18:00:00+00:00,98.07166666666667,609.3333333333334,1755540000
2025-08-19 00:00:00+00:00,83.60000000000001,608.6666666666666,1755561600
2025-08-19 06:00:00+00:00,59.01833333333334,310.9583333333333,1755583200
2025-08-19 12:00:00+00:00,69.41333333333334,400.0,1755604800
2025-08-19 18:00:00+00:00,95.505,546.7083333333334,1755626400
2025-08-20 00:00:00+00:00,85.35000000000001,500.5416666666667,1755648000
2025-08-20 06:00:00+00:00,78.63833333333334,284.4583333333333,1755669600
2025-08-20 12:00:00+00:00,87.68166666666667,454.2916666666667,1755691200
2025-08-20 18:00:00+00:00,95.71,608.6666666666666,1755712800
2025-08-21 00:00:00+00:00,90.665,602.2916666666666,1755734400
2025-08-21 06:00:00+00:00,87.855,390.0416666666667,1755756000
2025-08-21 12:00:00+00:00,81.56,270.4583333333333,1755777600
2025-08-21 18:00:00+00:00,93.93666666666667,554.2083333333334,1755799200
2025-08-22 00:00:00+00:00,88.89333333333333,491.625,1755820800
2025-08-22 06:00:00+00:00,66.92,268.3333333333333,1755842400
2025-08-22 12:00:00+00:00,62.595,405.5,1755864000
2025-08-22 18:00:00+00:00,91.47500000000001,897.7083333333334,1755885600
2025-08-23 00:00:00+00:00,84.88166666666667,409.2916666666667,1755907200
2025-08-23 06:00:00+00:00,33.305,65.16666666666667,1755928800
2025-08-23 12:00:00+00:00,56.375,265.875,1755950400
2025-08-23 18:00:00+00:00,98.59166666666665,912.7083333333334,1755972000
2025-08-24 00:00:00+00:00,86.27999999999999,404.125,1755993600
2025-08-24 06:00:00+00:00,19.986666666666668,0.0,1756015200
2025-08-24 12:00:00+00:00,50.546666666666674,106.75,1756036800
2025-08-24 18:00:00+00:00,96.42333333333333,449.3333333333333,1756058400
2025-08-25 00:00:00+00:00,89.81,219.20833333333334,1756080000
2025-08-25 06:00:00+00:00,68.845,79.04166666666667,1756101600
2025-08-25 12:00:00+00:00,76.77333333333333,238.0,1756123200
2025-08-25 18:00:00+00:00,117.47000000000001,858.875,1756144800
2025-08-26 00:00:00+00:00,95.25833333333333,336.625,1756166400
2025-08-26 06:00:00+00:00,84.87833333333333,109.5,1756188000
2025-08-26 12:00:00+00:00,96.54666666666667,348.5416666666667,1756209600
2025-08-26 18:00:00+00:00,110.24833333333333,730.7916666666666,1756231200
2025-08-27 00:00:00+00:00,92.0,399.5416666666667,1756252800
2025-08-27 06:00:00+00:00,86.09833333333334,306.5833333333333,1756274400
2025-08-27 12:00:00+00:00,100.07833333333333,426.6666666666667,1756296000
2025-08-27 18:00:00+00:00,118.16166666666668,871.4583333333334,1756317600
2025-08-28 00:00:00+00:00,100.17166666666667,516.25,1756339200
2025-08-28 06:00:00+00:00,109.52,648.5,1756360800
2025-08-28 12:00:00+00:00,102.42,507.8333333333333,1756382400
2025-08-28 18:00:00+00:00,95.36833333333334,516.9166666666666,1756404000
2025-08-29 00:00:00+00:00,88.49666666666667,383.375,1756425600
2025-08-29 06:00:00+00:00,88.735,502.9166666666667,1756447200
2025-08-29 12:00:00+00:00,89.56166666666667,538.5833333333334,1756468800
2025-08-29 18:00:00+00:00,92.17833333333333,818.125,1756490400
2025-08-30 00:00:00+00:00,81.29333333333334,453.5416666666667,1756512000
2025-08-30 06:00:00+00:00,41.135,121.29166666666667,1756533600
2025-08-30 12:00:00+00:00,54.495000000000005,309.1666666666667,1756555200
2025-08-30 18:00:00+00:00,87.57166666666666,703.125,1756576800
2025-08-31 00:00:00+00:00,58.69166666666666,0.0,1756598400
2025-08-31 06:00:00+00:00,11.346666666666666,0.0,1756620000
2025-08-31 12:00:00+00:00,58.79666666666666,371.875,1756641600
2025-08-31 18:00:00+00:00,87.57,759.9583333333334,1756663200
2025-09-01 00:00:00+00:00,79.27166666666666,431.75,1756684800
2025-09-01 06:00:00+00:00,75.57166666666667,461.9583333333333,1756706400
2025-09-01 12:00:00+00:00,81.64999999999999,541.5416666666666,1756728000
2025-09-01 18:00:00+00:00,84.80166666666666,621.2083333333334,1756749600
2025-09-02 00:00:00+00:00,79.30499999999999,322.8333333333333,1756771200
2025-09-02 06:00:00+00:00,81.29166666666667,364.125,1756792800
2025-09-02 12:00:00+00:00,86.17,638.625,1756814400
2025-09-02 18:00:00+00:00,82.77,707.875,1756836000
2025-09-03 00:00:00+00:00,72.45333333333333,311.7083333333333,1756857600
2025-09-03 06:00:00+00:00,43.04,198.04166666666666,1756879200
2025-09-03 12:00:00+00:00,45.69,138.20833333333334,1756900800
2025-09-03 18:00:00+00:00,48.13666666666666,96.5,1756922400
2025-09-04 00:00:00+00:00,41.49166666666667,36.25,1756944000
2025-09-04 06:00:00+00:00,45.725,39.041666666666664,1756965600
2025-09-04 12:00:00+00:00,72.06833333333334,420.0,1756987200
2025-09-04 18:00:00+00:00,76.88666666666667,614.125,1757008800
2025-09-05 00:00:00+00:00,69.995,358.5416666666667,1757030400
2025-09-05 06:00:00+00:00,72.84166666666667,505.4166666666667,1757052000
2025-09-05 12:00:00+00:00,81.47333333333333,592.9583333333334,1757073600
2025-09-05 18:00:00+00:00,85.12,757.875,1757095200
2025-09-06 00:00:00+00:00,76.45166666666667,757.0416666666666,1757116800
2025-09-06 06:00:00+00:00,39.92166666666667,185.625,1757138400
2025-09-06 12:00:00+00:00,52.431666666666665,343.75,1757160000
2025-09-06 18:00:00+00:00,70.43166666666667,385.7916666666667,1757181600
2025-09-07 00:00:00+00:00,51.01,0.0,1757203200
2025-09-07 06:00:00+00:00,7.935,0.0,1757224800
2025-09-07 12:00:00+00:00,34.965,115.625,1757246400
2025-09-07 18:00:00+00:00,72.05666666666667,795.75,1757268000
2025-09-08 00:00:00+00:00,71.23,771.375,1757289600
2025-09-08 06:00:00+00:00,74.00833333333334,750.2083333333334,1757311200
2025-09-08 12:00:00+00:00,101.61166666666666,602.0,1757332800
2025-09-08 18:00:00+00:00,80.42833333333333,608.625,1757354400
2025-09-09 00:00:00+00:00,82.75833333333334,611.9166666666666,1757376000
2025-09-09 06:00:00+00:00,109.23,609.9583333333334,1757397600
2025-09-09 12:00:00+00:00,78.95833333333333,858.0,1757419200
2025-09-09 18:00:00+00:00,73.53500000000001,826.5416666666666,1757440800
2025-09-10 00:00:00+00:00,66.02333333333333,438.0,1757462400
2025-09-10 06:00:00+00:00,70.38833333333334,624.9583333333334,1757484000
2025-09-10 12:00:00+00:00,68.52,635.4583333333334,1757505600
2025-09-10 18:00:00+00:00,66.3,412.7916666666667,1757527200
2025-09-11 00:00:00+00:00,47.00833333333333,0.0,1757548800
2025-09-11 06:00:00+00:00,36.345,0.0,1757570400
2025-09-11 12:00:00+00:00,46.126666666666665,290.9583333333333,1757592000
2025-09-11 18:00:00+00:00,59.03666666666667,355.125,1757613600
2025-09-12 00:00:00+00:00,24.02333333333333,0.0,1757635200
2025-09-12 06:00:00+00:00,21.293333333333333,0.0,1757656800
2025-09-12 12:00:00+00:00,37.99333333333333,130.375,1757678400
2025-09-12 18:00:00+00:00,65.63666666666667,285.3333333333333,1757700000
2025-09-13 00:00:00+00:00,23.81833333333333,0.0,1757721600
2025-09-13 06:00:00+00:00,19.00166666666667,0.0,1757743200
2025-09-13 12:00:00+00:00,41.166666666666664,206.875,1757764800
2025-09-13 18:00:00+00:00,64.08999999999999,97.58333333333333,1757786400
2025-09-14 00:00:00+00:00,65.56833333333333,391.2916666666667,1757808000
2025-09-14 06:00:00+00:00,46.41,135.95833333333334,1757829600
2025-09-14 12:00:00+00:00,57.585,389.375,1757851200
2025-09-14 18:00:00+00:00,39.51,194.58333333333334,1757872800
2025-09-15 00:00:00+00:00,10.473333333333334,0.0,1757894400
2025-09-15 06:00:00+00:00,17.573333333333334,0.0,1757916000
2025-09-15 12:00:00+00:00,15.633333333333333,0.0,1757937600
2025-09-15 18:00:00+00:00,11.271666666666667,0.0,1757959200
2025-09-16 00:00:00+00:00,5.936666666666667,0.0,1757980800
2025-09-16 06:00:00+00:00,25.19666666666667,0.0,1758002400
2025-09-16 12:00:00+00:00,33.14833333333333,0.0,1758024000
2025-09-16 18:00:00+00:00,54.06,0.0,1758045600
2025-09-17 00:00:00+00:00,50.68833333333333,198.04166666666666,1758067200
2025-09-17 06:00:00+00:00,59.41166666666666,386.4166666666667,1758088800
2025-09-17 12:00:00+00:00,65.50666666666667,424.4583333333333,1758110400
2025-09-17 18:00:00+00:00,69.02333333333333,496.5416666666667,1758132000
2025-09-18 00:00:00+00:00,50.195,149.25,1758153600
2025-09-18 06:00:00+00:00,45.30166666666667,311.2083333333333,1758175200
2025-09-18 12:00:00+00:00,43.59833333333333,157.04166666666666,1758196800
2025-09-18 18:00:00+00:00,59.94166666666666,109.54166666666667,1758218400
2025-09-19 00:00:00+00:00,59.971666666666664,46.791666666666664,1758240000
2025-09-19 06:00:00+00:00,47.593333333333334,196.25,1758261600
2025-09-19 12:00:00+00:00,53.586666666666666,119.04166666666667,1758283200
2025-09-19 18:00:00+00:00,65.685,285.8333333333333,1758304800
2025-09-20 00:00:00+00:00,62.28666666666667,0.0,1758326400
2025-09-20 06:00:00+00:00,24.92833333333333,0.0,1758348000
2025-09-20 12:00:00+00:00,49.345,110.875,1758369600
2025-09-20 18:00:00+00:00,43.04,37.416666666666664,1758391200
2025-09-21 00:00:00+00:00,2.7816666666666667,0.0,1758412800
2025-09-21 06:00:00+00:00,2.015,0.0,1758434400
2025-09-21 12:00:00+00:00,43.435,40.166666666666664,1758456000
2025-09-21 18:00:00+00:00,65.495,311.7083333333333,1758477600
2025-09-22 00:00:00+00:00,66.97,719.8333333333334,1758499200
2025-09-22 06:00:00+00:00,68.395,535.125,1758520800
2025-09-22 12:00:00+00:00,73.06833333333334,592.625,1758542400
2025-09-22 18:00:00+00:00,77.435,833.875,1758564000
2025-09-23 00:00:00+00:00,69.17999999999999,729.625,1758585600
2025-09-23 06:00:00+00:00,75.7,847.7083333333334,1758607200
2025-09-23 12:00:00+00:00,78.57000000000001,884.125,1758628800
2025-09-23 18:00:00+00:00,74.07166666666667,907.2916666666666,1758650400
2025-09-24 00:00:00+00:00,73.02166666666666,884.875,1758672000
2025-09-24 06:00:00+00:00,66.13,511.1666666666667,1758693600
2025-09-24 12:00:00+00:00,66.14833333333333,533.9583333333334,1758715200
2025-09-24 18:00:00+00:00,72.99666666666667,879.6666666666666,1758736800
2025-09-25 00:00:00+00:00,74.07,897.0,1758758400
2025-09-25 06:00:00+00:00,68.85666666666667,768.75,1758780000
2025-09-25 12:00:00+00:00,68.84333333333333,797.75,1758801600
2025-09-25 18:00:00+00:00,76.55666666666667,880.6666666666666,1758823200
2025-09-26 00:00:00+00:00,73.61833333333333,906.2083333333334,1758844800
2025-09-26 06:00:00+00:00,85.21333333333334,299.1666666666667,1758866400
2025-09-26 12:00:00+00:00,74.39666666666666,910.0,1758888000
2025-09-26 18:00:00+00:00,71.30333333333333,859.875,1758909600
2025-09-27 00:00:00+00:00,69.54333333333334,878.0833333333334,1758931200
2025-09-27 06:00:00+00:00,66.345,635.875,1758952800
2025-09-27 12:00:00+00:00,70.92,755.4166666666666,1758974400
2025-09-27 18:00:00+00:00,71.21333333333332,840.5,1758996000
2025-09-28 00:00:00+00:00,67.43666666666667,760.5416666666666,1759017600
2025-09-28 06:00:00+00:00,58.22666666666667,412.9583333333333,1759039200
2025-09-28 12:00:00+00:00,67.39833333333333,617.2916666666666,1759060800
2025-09-28 18:00:00+00:00,68.38166666666666,829.875,1759082400
2025-09-29 00:00:00+00:00,69.63666666666667,837.0833333333334,1759104000
2025-09-29 06:00:00+00:00,73.43166666666667,597.9583333333334,1759125600
2025-09-29 12:00:00+00:00,105.91166666666668,605.5,1759147200
2025-09-29 18:00:00+00:00,78.365,609.375,1759168800
2025-09-30 00:00:00+00:00,71.54333333333334,592.125,1759190400
2025-09-30 06:00:00+00:00,72.565,563.2916666666666,1759212000
2025-09-30 12:00:00+00:00,76.23333333333333,596.4583333333334,1759233600
2025-09-30 18:00:00+00:00,74.97208333333333,551.4583333333334,1759255200
2025-10-01 00:00:00+00:00,68.02041666666666,574.5416666666666,1759276800
2025-10-01 06:00:00+00:00,69.71541666666667,432.5416666666667,1759298400
2025-10-01 12:00:00+00:00,73.30458333333333,585.125,1759320000
2025-10-01 18:00:00+00:00,70.73833333333333,549.0,1759341600
2025-10-02 00:00:00+00:00,67.70375,457.8333333333333,1759363200
2025-10-02 06:00:00+00:00,69.33833333333334,433.125,1759384800
2025-10-02 12:00:00+00:00,67.99083333333333,529.75,1759406400
2025-10-02 18:00:00+00:00,60.981249999999996,310.9583333333333,1759428000
2025-10-03 00:00:00+00:00,51.72083333333333,187.875,1759449600
2025-10-03 06:00:00+00:00,46.529583333333335,197.83333333333334,1759471200
2025-10-03 12:00:00+00:00,53.043749999999996,250.95833333333334,1759492800
2025-10-03 18:00:00+00:00,24.67833333333333,29.75,1759514400
2025-10-04 00:00:00+00:00,4.757916666666667,0.0,1759536000
2025-10-04 06:00:00+00:00,3.5058333333333334,0.0,1759557600
2025-10-04 12:00:00+00:00,2.629166666666667,0.0,1759579200
2025-10-04 18:00:00+00:00,2.55125,0.0,1759600800
2025-10-05 00:00:00+00:00,-0.23916666666666667,0.0,1759622400
2025-10-05 06:00:00+00:00,1.6675000000000002,0.0,1759644000
2025-10-05 12:00:00+00:00,9.870416666666666,41.5,1759665600
2025-10-05 18:00:00+00:00,12.42375,46.083333333333336,1759687200
2025-10-06 00:00:00+00:00,32.25125,139.58333333333334,1759708800
2025-10-06 06:00:00+00:00,72.81750000000001,599.6666666666666,1759730400
2025-10-06 12:00:00+00:00,85.6875,610.2916666666666,1759752000
2025-10-06 18:00:00+00:00,77.45875,603.125,1759773600
2025-10-07 00:00:00+00:00,78.00916666666667,587.625,1759795200
2025-10-07 06:00:00+00:00,90.71166666666666,606.5,1759816800
2025-10-07 12:00:00+00:00,77.77333333333333,607.125,1759838400
2025-10-07 18:00:00+00:00,71.40041666666666,564.0833333333334,1759860000
2025-10-08 00:00:00+00:00,67.44916666666667,469.3333333333333,1759881600
2025-10-08 06:00:00+00:00,73.46875,608.2083333333334,1759903200
2025-10-08 12:00:00+00:00,73.61708333333333,596.2083333333334,1759924800
2025-10-08 18:00:00+00:00,70.97875,602.0,1759946400
2025-10-09 00:00:00+00:00,68.89041666666667,600.0416666666666,1759968000
2025-10-09 06:00:00+00:00,70.18124999999999,486.7083333333333,1759989600
2025-10-09 12:00:00+00:00,63.59583333333333,244.58333333333334,1760011200
2025-10-09 18:00:00+00:00,48.33833333333333,1.8333333333333333,1760032800
2025-10-10 00:00:00+00:00,51.336666666666666,151.625,1760054400
2025-10-10 06:00:00+00:00,60.52041666666667,250.5,1760076000
2025-10-10 12:00:00+00:00,58.86625,219.875,1760097600
2025-10-10 18:00:00+00:00,61.70249999999999,174.41666666666666,1760119200
2025-10-11 00:00:00+00:00,59.968333333333334,115.70833333333333,1760140800
2025-10-11 06:00:00+00:00,61.48,298.8333333333333,1760162400
2025-10-11 12:00:00+00:00,66.15625,456.875,1760184000
2025-10-11 18:00:00+00:00,68.10541666666667,549.8333333333334,1760205600
2025-10-12 00:00:00+00:00,66.21083333333333,586.8333333333334,1760227200
2025-10-12 06:00:00+00:00,65.31666666666666,550.7083333333334,1760248800
2025-10-12 12:00:00+00:00,69.83541666666666,563.125,1760270400
2025-10-12 18:00:00+00:00,70.005,598.5416666666666,1760292000
2025-10-13 00:00:00+00:00,74.37416666666667,569.7083333333334,1760313600
2025-10-13 06:00:00+00:00,79.38,544.25,1760335200
2025-10-13 12:00:00+00:00,78.92666666666666,549.1666666666666,1760356800
2025-10-13 18:00:00+00:00,73.84708333333333,555.2083333333334,1760378400
2025-10-14 00:00:00+00:00,73.93166666666667,608.9583333333334,1760400000
2025-10-14 06:00:00+00:00,94.14916666666666,608.5416666666666,1760421600
2025-10-14 12:00:00+00:00,142.37625,608.3333333333334,1760443200
2025-10-14 18:00:00+00:00,78.97458333333334,577.0416666666666,1760464800
2025-10-15 00:00:00+00:00,72.49,594.75,1760486400
2025-10-15 06:00:00+00:00,75.12541666666667,612.4583333333334,1760508000
2025-10-15 12:00:00+00:00,72.54625,777.2916666666666,1760529600
2025-10-15 18:00:00+00:00,70.99041666666666,768.25,1760551200
2025-10-16 00:00:00+00:00,67.105,607.9166666666666,1760572800
2025-10-16 06:00:00+00:00,68.57708333333333,841.75,1760594400
2025-10-16 12:00:00+00:00,68.25125,885.2916666666666,1760616000
2025-10-16 18:00:00+00:00,68.75958333333334,876.5833333333334,1760637600
2025-10-17 00:00:00+00:00,69.59541666666667,846.75,1760659200
2025-10-17 06:00:00+00:00,72.94583333333334,796.25,1760680800
2025-10-17 12:00:00+00:00,72.00916666666667,697.5416666666666,1760702400
2025-10-17 18:00:00+00:00,71.22791666666667,805.4583333333334,1760724000
2025-10-18 00:00:00+00:00,72.61541666666666,868.0833333333334,1760745600
2025-10-18 06:00:00+00:00,73.26125,736.3333333333334,1760767200
2025-10-18 12:00:00+00:00,75.47208333333333,792.3333333333334,1760788800
2025-10-18 18:00:00+00:00,74.04,885.5416666666666,1760810400
2025-10-19 00:00:00+00:00,66.99791666666667,343.125,1760832000
2025-10-19 06:00:00+00:00,55.26208333333333,228.125,1760853600
2025-10-19 12:00:00+00:00,63.583333333333336,527.0,1760875200
2025-10-19 18:00:00+00:00,60.84833333333333,153.41666666666666,1760896800
2025-10-20 00:00:00+00:00,58.07749999999999,198.875,1760918400
2025-10-20 06:00:00+00:00,66.14874999999999,894.3333333333334,1760940000
2025-10-20 12:00:00+00:00,68.77958333333333,911.0,1760961600
2025-10-20 18:00:00+00:00,55.74875,538.375,1760983200
2025-10-21 00:00:00+00:00,44.25875,437.9583333333333,1761004800
2025-10-21 06:00:00+00:00,60.77791666666667,458.6666666666667,1761026400
2025-10-21 12:00:00+00:00,61.55291666666667,537.9166666666666,1761048000
2025-10-21 18:00:00+00:00,60.9325,102.70833333333333,1761069600
2025-10-22 00:00:00+00:00,61.50333333333333,271.7916666666667,1761091200
2025-10-22 06:00:00+00:00,72.06166666666667,906.2083333333334,1761112800
2025-10-22 12:00:00+00:00,76.44333333333334,909.6666666666666,1761134400
2025-10-22 18:00:00+00:00,73.17416666666666,909.7916666666666,1761156000
2025-10-23 00:00:00+00:00,70.34375,850.5,1761177600
2025-10-23 06:00:00+00:00,73.165,719.375,1761199200
2025-10-23 12:00:00+00:00,70.34375,814.5416666666666,1761220800
2025-10-23 18:00:00+00:00,51.71333333333333,461.1666666666667,1761242400
2025-10-24 00:00:00+00:00,19.38083333333333,74.66666666666667,1761264000
2025-10-24 06:00:00+00:00,52.361250000000005,300.0,1761285600
2025-10-24 12:00:00+00:00,51.3675,377.4166666666667,1761307200
2025-10-24 18:00:00+00:00,27.812916666666666,41.458333333333336,1761328800
2025-10-25 00:00:00+00:00,7.640416666666667,0.0,1761350400
2025-10-25 06:00:00+00:00,15.527916666666668,0.0,1761372000
2025-10-25 12:00:00+00:00,36.749583333333334,314.0,1761393600
2025-10-25 18:00:00+00:00,22.08875,81.0,1761415200
2025-10-26 00:00:00+00:00,2.3805,0.0,1761436800
2025-10-26 06:00:00+00:00,14.809583333333334,0.0,1761458400
2025-10-26 12:00:00+00:00,34.293749999999996,248.54166666666666,1761480000
2025-10-26 18:00:00+00:00,33.577083333333334,342.875,1761501600
2025-10-27 00:00:00+00:00,24.27333333333333,132.29166666666666,1761523200
2025-10-27 06:00:00+00:00,77.165,904.9583333333334,1761544800
2025-10-27 12:00:00+00:00,75.55833333333334,906.2083333333334,1761566400
2025-10-27 18:00:00+00:00,67.10166666666667,841.25,1761588000
2025-10-28 00:00:00+00:00,30.19541666666667,317.75,1761609600
2025-10-28 06:00:00+00:00,73.23166666666667,536.8333333333334,1761631200
2025-10-28 12:00:00+00:00,74.22291666666666,495.3333333333333,1761652800
2025-10-28 18:00:00+00:00,74.13375,638.5833333333334,1761674400
2025-10-29 00:00:00+00:00,58.70666666666667,124.41666666666667,1761696000
2025-10-29 06:00:00+00:00,74.7825,456.9583333333333,1761717600
2025-10-29 12:00:00+00:00,79.64125,849.8333333333334,1761739200
2025-10-29 18:00:00+00:00,78.43541666666667,773.5,1761760800
2025-10-30 00:00:00+00:00,61.14833333333333,115.45833333333333,1761782400
2025-10-30 06:00:00+00:00,61.665,333.9166666666667,1761804000
2025-10-30 12:00:00+00:00,64.69833333333334,0.0,1761825600
2025-10-30 18:00:00+00:00,68.31375,0.0,1761847200
2025-10-31 00:00:00+00:00,62.607499999999995,0.0,1761868800
2025-10-31 06:00:00+00:00,67.59583333333333,0.0,1761890400
2025-10-31 12:00:00+00:00,67.04208333333334,0.0,1761912000
2025-10-31 18:00:00+00:00,60.5,0.0,1761933600
2025-11-01 00:00:00+00:00,19.011666666666667,0.0,1761955200
2025-11-01 06:00:00+00:00,23.42833333333333,0.0,1761976800
2025-11-01 12:00:00+00:00,55.50666666666667,0.0,1761998400
2025-11-01 18:00:00+00:00,62.727916666666665,0.0,1762020000
2025-11-02 00:00:00+00:00,53.76958333333334,0.0,1762041600
2025-11-02 06:00:00+00:00,62.215,0.0,1762063200
2025-11-02 12:00:00+00:00,66.42916666666666,0.0,1762084800
2025-11-02 18:00:00+00:00,65.07083333333334,0.0,1762106400
2025-11-03 00:00:00+00:00,56.92916666666667,0.0,1762128000
2025-11-03 06:00:00+00:00,65.32583333333334,0.0,1762149600
2025-11-03 12:00:00+00:00,66.86583333333333,0.0,1762171200
2025-11-03 18:00:00+00:00,45.22416666666667,0.0,1762192800
2025-11-04 00:00:00+00:00,11.730833333333335,0.0,1762214400
2025-11-04 06:00:00+00:00,53.57458333333333,0.0,1762236000
2025-11-04 12:00:00+00:00,63.71791666666667,0.0,1762257600
2025-11-04 18:00:00+00:00,65.34541666666667,0.0,1762279200
